Offset,Instruction
00102000,SUB RSP,0x8
00102004,MOV RAX,qword ptr [0x0010afd0]
0010200b,TEST RAX,RAX
0010200e,JZ 0x00102012
00102010,CALL RAX
00102012,ADD RSP,0x8
00102016,RET
00102020,PUSH qword ptr [0x0010aff0]
00102026,JMP qword ptr [0x0010aff8]
00102030,JMP qword ptr [0x0010b000]
00102036,PUSH 0x0
0010203b,JMP 0x00102020
00102040,JMP qword ptr [0x0010b008]
00102046,PUSH 0x1
0010204b,JMP 0x00102020
00102050,JMP qword ptr [0x0010b010]
00102056,PUSH 0x2
0010205b,JMP 0x00102020
00102060,JMP qword ptr [0x0010b018]
00102066,PUSH 0x3
0010206b,JMP 0x00102020
00102070,JMP qword ptr [0x0010b020]
00102076,PUSH 0x4
0010207b,JMP 0x00102020
00102080,JMP qword ptr [0x0010b028]
00102086,PUSH 0x5
0010208b,JMP 0x00102020
00102090,JMP qword ptr [0x0010b030]
00102096,PUSH 0x6
0010209b,JMP 0x00102020
001020a0,JMP qword ptr [0x0010b038]
001020a6,PUSH 0x7
001020ab,JMP 0x00102020
001020b0,JMP qword ptr [0x0010b040]
001020b6,PUSH 0x8
001020bb,JMP 0x00102020
001020c0,JMP qword ptr [0x0010b048]
001020c6,PUSH 0x9
001020cb,JMP 0x00102020
001020d0,JMP qword ptr [0x0010b050]
001020d6,PUSH 0xa
001020db,JMP 0x00102020
001020e0,JMP qword ptr [0x0010b058]
001020e6,PUSH 0xb
001020eb,JMP 0x00102020
001020f0,JMP qword ptr [0x0010b060]
001020f6,PUSH 0xc
001020fb,JMP 0x00102020
00102100,JMP qword ptr [0x0010b068]
00102106,PUSH 0xd
0010210b,JMP 0x00102020
00102110,JMP qword ptr [0x0010b070]
00102116,PUSH 0xe
0010211b,JMP 0x00102020
00102120,JMP qword ptr [0x0010b078]
00102126,PUSH 0xf
0010212b,JMP 0x00102020
00102130,JMP qword ptr [0x0010b080]
00102136,PUSH 0x10
0010213b,JMP 0x00102020
00102140,JMP qword ptr [0x0010b088]
00102146,PUSH 0x11
0010214b,JMP 0x00102020
00102150,JMP qword ptr [0x0010b090]
00102156,PUSH 0x12
0010215b,JMP 0x00102020
00102160,JMP qword ptr [0x0010b098]
00102166,PUSH 0x13
0010216b,JMP 0x00102020
00102170,JMP qword ptr [0x0010b0a0]
00102176,PUSH 0x14
0010217b,JMP 0x00102020
00102180,JMP qword ptr [0x0010b0a8]
00102186,PUSH 0x15
0010218b,JMP 0x00102020
00102190,JMP qword ptr [0x0010b0b0]
00102196,PUSH 0x16
0010219b,JMP 0x00102020
001021a0,JMP qword ptr [0x0010b0b8]
001021a6,PUSH 0x17
001021ab,JMP 0x00102020
001021b0,JMP qword ptr [0x0010b0c0]
001021b6,PUSH 0x18
001021bb,JMP 0x00102020
001021c0,JMP qword ptr [0x0010b0c8]
001021c6,PUSH 0x19
001021cb,JMP 0x00102020
001021d0,JMP qword ptr [0x0010b0d0]
001021d6,PUSH 0x1a
001021db,JMP 0x00102020
001021e0,JMP qword ptr [0x0010b0d8]
001021e6,PUSH 0x1b
001021eb,JMP 0x00102020
001021f0,JMP qword ptr [0x0010b0e0]
001021f6,PUSH 0x1c
001021fb,JMP 0x00102020
00102200,JMP qword ptr [0x0010b0e8]
00102206,PUSH 0x1d
0010220b,JMP 0x00102020
00102210,JMP qword ptr [0x0010b0f0]
00102216,PUSH 0x1e
0010221b,JMP 0x00102020
00102220,JMP qword ptr [0x0010b0f8]
00102226,PUSH 0x1f
0010222b,JMP 0x00102020
00102230,JMP qword ptr [0x0010b100]
00102236,PUSH 0x20
0010223b,JMP 0x00102020
00102240,JMP qword ptr [0x0010b108]
00102246,PUSH 0x21
0010224b,JMP 0x00102020
00102250,JMP qword ptr [0x0010b110]
00102256,PUSH 0x22
0010225b,JMP 0x00102020
00102260,JMP qword ptr [0x0010b118]
00102266,PUSH 0x23
0010226b,JMP 0x00102020
00102270,JMP qword ptr [0x0010b120]
00102276,PUSH 0x24
0010227b,JMP 0x00102020
00102280,JMP qword ptr [0x0010b128]
00102286,PUSH 0x25
0010228b,JMP 0x00102020
00102290,JMP qword ptr [0x0010b130]
00102296,PUSH 0x26
0010229b,JMP 0x00102020
001022a0,JMP qword ptr [0x0010b138]
001022a6,PUSH 0x27
001022ab,JMP 0x00102020
001022b0,JMP qword ptr [0x0010b140]
001022b6,PUSH 0x28
001022bb,JMP 0x00102020
001022c0,JMP qword ptr [0x0010b148]
001022c6,PUSH 0x29
001022cb,JMP 0x00102020
001022d0,JMP qword ptr [0x0010b150]
001022d6,PUSH 0x2a
001022db,JMP 0x00102020
001022e0,JMP qword ptr [0x0010b158]
001022e6,PUSH 0x2b
001022eb,JMP 0x00102020
001022f0,JMP qword ptr [0x0010b160]
001022f6,PUSH 0x2c
001022fb,JMP 0x00102020
00102300,JMP qword ptr [0x0010b168]
00102306,PUSH 0x2d
0010230b,JMP 0x00102020
00102310,JMP qword ptr [0x0010b170]
00102316,PUSH 0x2e
0010231b,JMP 0x00102020
00102320,JMP qword ptr [0x0010b178]
00102326,PUSH 0x2f
0010232b,JMP 0x00102020
00102330,JMP qword ptr [0x0010b180]
00102336,PUSH 0x30
0010233b,JMP 0x00102020
00102340,JMP qword ptr [0x0010b188]
00102346,PUSH 0x31
0010234b,JMP 0x00102020
00102350,JMP qword ptr [0x0010b190]
00102356,PUSH 0x32
0010235b,JMP 0x00102020
00102360,JMP qword ptr [0x0010b198]
00102366,PUSH 0x33
0010236b,JMP 0x00102020
00102370,JMP qword ptr [0x0010b1a0]
00102376,PUSH 0x34
0010237b,JMP 0x00102020
00102380,JMP qword ptr [0x0010b1a8]
00102386,PUSH 0x35
0010238b,JMP 0x00102020
00102390,JMP qword ptr [0x0010afe0]
001023c0,MOV RAX,0x5858585858582e
001023ca,PUSH R15
001023cc,PUSH R14
001023ce,PUSH R13
001023d0,LEA R13,[0x1060ae]
001023d7,PUSH R12
001023d9,LEA R12,[0x106380]
001023e0,PUSH RBP
001023e1,MOV EBP,EDI
001023e3,PUSH RBX
001023e4,MOV RBX,RSI
001023e7,SUB RSP,0x58
001023eb,MOVDQA XMM0,xmmword ptr [0x001076b0]
001023f3,MOV byte ptr [RSP + 0x20],0x0
001023f8,MOVAPS xmmword ptr [RSP + 0x10],XMM0
001023fd,MOVDQA XMM0,xmmword ptr [0x001076c0]
00102405,MOVAPS xmmword ptr [RSP + 0x30],XMM0
0010240a,MOV qword ptr [RSP + 0x3e],RAX
0010240f,MOV RDX,R13
00102412,MOV RSI,RBX
00102415,MOV EDI,EBP
00102417,CALL 0x00102300
0010241c,CMP EAX,-0x1
0010241f,JZ 0x001026c8
00102425,SUB EAX,0x68
00102428,CMP EAX,0xe
0010242b,JA 0x00102440
0010242d,MOVSXD RAX,dword ptr [R12 + RAX*0x4]
00102431,ADD RAX,R12
00102434,JMP RAX
00102440,MOV EAX,dword ptr [0x0010b558]
00102446,LEA R13D,[RAX + -0x2]
0010244a,MOV RAX,qword ptr [RBX]
0010244d,MOV qword ptr [0x0010b688],RAX
00102454,MOVSXD RAX,R13D
00102457,LEA R12,[RBX + RAX*0x8]
0010245b,MOV RAX,qword ptr [R12 + 0x8]
00102460,TEST RAX,RAX
00102463,JZ 0x00102674
00102469,CMP qword ptr [R12 + 0x10],0x0
0010246f,JZ 0x00102612
00102475,MOV RDI,qword ptr [R12 + 0x8]
0010247a,CMP byte ptr [RDI],0x40
0010247d,JZ 0x001025cc
00102483,LEA R14,[RSP + 0x10]
00102488,MOV RDI,R14
0010248b,CALL 0x00102260
00102490,MOV qword ptr [RSP + 0x8],R14
00102495,MOV EBX,EAX
00102497,CMP EAX,-0x1
0010249a,JZ 0x0010268c
001024a0,MOV RDI,qword ptr [RSP + 0x8]
001024a5,SUB EBP,R13D
001024a8,CALL 0x00102080
001024ad,LEA RSI,[0x1060e1]
001024b4,MOV EDI,EBX
001024b6,CALL 0x00102290
001024bb,MOV qword ptr [0x0010b6d0],RAX
001024c2,CMP EBP,0x1
001024c5,JLE 0x001024fd
001024c7,LEA EAX,[RBP + -0x2]
001024ca,LEA RBX,[R12 + 0x8]
001024cf,LEA RBP,[0x1060e4]
001024d6,LEA R12,[R12 + RAX*0x8 + 0x10]
001024db,NOP dword ptr [RAX + RAX*0x1]
001024e0,MOV RDX,qword ptr [RBX]
001024e3,MOV RDI,qword ptr [0x0010b6d0]
001024ea,MOV RSI,RBP
001024ed,XOR EAX,EAX
001024ef,ADD RBX,0x8
001024f3,CALL 0x001021c0
001024f8,CMP R12,RBX
001024fb,JNZ 0x001024e0
001024fd,MOV RSI,qword ptr [0x0010b6d0]
00102504,MOV EDI,0xa
00102509,CALL 0x00102160
0010250e,MOV RDI,qword ptr [0x0010b6d0]
00102515,CALL 0x00102140
0010251a,CALL 0x00104f20
0010251f,LEA RDI,[0x10b5c0]
00102526,CALL 0x00102180
0010252b,LEA RSI,[0x1028c0]
00102532,MOV EDI,0x8
00102537,CALL 0x001021b0
0010253c,CALL 0x00102900
00102541,CMP qword ptr [0x0010b6d0],0x0
00102549,JZ 0x00102569
0010254b,MOV RAX,qword ptr [RSP + 0x8]
00102550,TEST RAX,RAX
00102553,JZ 0x0010255d
00102555,MOV RDI,RAX
00102558,CALL 0x00102080
0010255d,MOV RDI,qword ptr [0x0010b6d0]
00102564,CALL 0x00102100
00102569,ADD RSP,0x58
0010256d,XOR EAX,EAX
0010256f,POP RBX
00102570,POP RBP
00102571,POP R12
00102573,POP R13
00102575,POP R14
00102577,POP R15
00102579,RET
00102580,MOV RDI,qword ptr [0x0010b560]
00102587,CMP byte ptr [RDI],0x47
0010258a,JNZ 0x0010272c
00102590,ADD RDI,0x1
00102594,MOV EDX,0xa
00102599,XOR ESI,ESI
0010259b,CALL 0x001021f0
001025a0,MOV dword ptr [0x0010b1d4],EAX
001025a6,JMP 0x0010240f
001025b0,MOV byte ptr [0x0010b6b4],0x1
001025b7,JMP 0x0010240f
001025c0,MOV byte ptr [0x0010b6b5],0x1
001025c7,JMP 0x0010240f
001025cc,ADD RDI,0x1
001025d0,LEA RSI,[0x106183]
001025d7,CALL 0x001022e0
001025dc,XOR EDX,EDX
001025de,MOV qword ptr [0x0010b6d0],RAX
001025e5,MOV qword ptr [RSP + 0x8],RDX
001025ea,TEST RAX,RAX
001025ed,JNZ 0x0010251a
001025f3,MOV RCX,qword ptr [0x0010b580]
001025fa,MOV EDX,0x12
001025ff,MOV ESI,0x1
00102604,LEA RDI,[0x1060b6]
0010260b,CALL 0x00102330
00102610,JMP 0x0010266d
00102612,CMP byte ptr [RAX + 0x1],0x0
00102616,JNZ 0x00102475
0010261c,MOVZX EBX,byte ptr [RAX]
0010261f,XOR EDX,EDX
00102621,LEA EAX,[RBX + -0x65]
00102624,CMP AL,0x1
00102626,JBE 0x0010271d
0010262c,CMP BL,0x65
0010262f,SETZ R14B
00102633,CMP BL,0x6c
00102636,SETZ AL
00102639,OR AL,R14B
0010263c,MOV R15D,EAX
0010263f,JNZ 0x00102706
00102645,CMP BL,0x6f
00102648,SETZ AL
0010264b,OR R14B,AL
0010264e,JNZ 0x001026f9
00102654,SUB EBX,0x63
00102657,AND BL,0xfd
0010265a,JZ 0x00102713
00102660,TEST DL,DL
00102662,JZ 0x00102475
00102668,CALL 0x00105040
0010266d,XOR EDI,EDI
0010266f,CALL 0x00102320
00102674,LEA RDI,[0x106928]
0010267b,CALL 0x001020c0
00102680,CALL 0x00104ff0
00102685,CALL 0x00105040
0010268a,JMP 0x0010266d
0010268c,LEA R14,[RSP + 0x30]
00102691,MOV RDI,R14
00102694,CALL 0x00102260
00102699,MOV qword ptr [RSP + 0x8],R14
0010269e,MOV EBX,EAX
001026a0,CMP EAX,-0x1
001026a3,JNZ 0x001024a0
001026a9,MOV RCX,qword ptr [0x0010b580]
001026b0,MOV EDX,0x17
001026b5,MOV ESI,0x1
001026ba,LEA RDI,[0x1060c9]
001026c1,CALL 0x00102330
001026c6,JMP 0x0010266d
001026c8,MOV EAX,dword ptr [0x0010b558]
001026ce,LEA R13D,[RAX + -0x1]
001026d2,JMP 0x0010244a
001026d7,LEA RDI,[0x1067b0]
001026de,CALL 0x001020c0
001026e3,CALL 0x00105040
001026e8,LEA RDI,[0x1068e0]
001026ef,CALL 0x001020c0
001026f4,JMP 0x0010266d
001026f9,CALL 0x00105010
001026fe,MOV EDX,R14D
00102701,JMP 0x00102654
00102706,CALL 0x00105030
0010270b,MOV EDX,R15D
0010270e,JMP 0x00102645
00102713,CALL 0x00105020
00102718,JMP 0x00102668
0010271d,CALL 0x00105000
00102722,MOV EDX,0x1
00102727,JMP 0x0010262c
0010272c,MOV RDX,RDI
0010272f,MOV RDI,qword ptr [0x0010b580]
00102736,LEA RSI,[0x106090]
0010273d,XOR EAX,EAX
0010273f,CALL 0x001021c0
00102744,MOV EDI,0x1
00102749,CALL 0x00102320
00102750,XOR EBP,EBP
00102752,MOV R9,RDX
00102755,POP RSI
00102756,MOV RDX,RSP
00102759,AND RSP,-0x10
0010275d,PUSH RAX
0010275e,PUSH RSP
0010275f,XOR R8D,R8D
00102762,XOR ECX,ECX
00102764,LEA RDI,[0x1023c0]
0010276b,CALL qword ptr [0x0010afc0]
00102771,HLT
00102780,LEA RDI,[0x10b540]
00102787,LEA RAX,[0x10b540]
0010278e,CMP RAX,RDI
00102791,JZ 0x001027a8
00102793,MOV RAX,qword ptr [0x0010afc8]
0010279a,TEST RAX,RAX
0010279d,JZ 0x001027a8
0010279f,JMP RAX
001027a8,RET
001027b0,LEA RDI,[0x10b540]
001027b7,LEA RSI,[0x10b540]
001027be,SUB RSI,RDI
001027c1,MOV RAX,RSI
001027c4,SHR RSI,0x3f
001027c8,SAR RAX,0x3
001027cc,ADD RSI,RAX
001027cf,SAR RSI,0x1
001027d2,JZ 0x001027e8
001027d4,MOV RAX,qword ptr [0x0010afd8]
001027db,TEST RAX,RAX
001027de,JZ 0x001027e8
001027e0,JMP RAX
001027e8,RET
001027f0,ENDBR64
001027f4,CMP byte ptr [0x0010b588],0x0
001027fb,JNZ 0x00102828
001027fd,PUSH RBP
001027fe,CMP qword ptr [0x0010afe0],0x0
00102806,MOV RBP,RSP
00102809,JZ 0x00102817
0010280b,MOV RDI,qword ptr [0x0010b1c8]
00102812,CALL 0x00102390
00102817,CALL 0x00102780
0010281c,MOV byte ptr [0x0010b588],0x1
00102823,POP RBP
00102824,RET
00102828,RET
00102830,ENDBR64
00102834,JMP 0x001027b0
00102840,PUSH RBX
00102841,MOV RCX,RDI
00102844,MOV RDX,qword ptr [0x0010b688]
0010284b,MOV RBX,RSI
0010284e,MOV RDI,qword ptr [0x0010b580]
00102855,XOR EAX,EAX
00102857,LEA RSI,[0x106028]
0010285e,CALL 0x001021c0
00102863,TEST RBX,RBX
00102866,JZ 0x00102880
00102868,MOV RDI,qword ptr [0x0010b580]
0010286f,MOV RDX,RBX
00102872,LEA RSI,[0x10602b]
00102879,XOR EAX,EAX
0010287b,CALL 0x001021c0
00102880,MOV EDX,dword ptr [0x0010b1d0]
00102886,LEA RSI,[0x10602f]
0010288d,XOR EAX,EAX
0010288f,POP RBX
00102890,MOV RDI,qword ptr [0x0010b580]
00102897,JMP 0x001021c0
001028a0,SUB RSP,0x8
001028a4,CALL 0x00102840
001028a9,XOR ESI,ESI
001028ab,LEA RDI,[0x10b5c0]
001028b2,CALL 0x001022a0
001028b7,NOP word ptr [RAX + RAX*0x1]
001028c0,SUB RSP,0x8
001028c4,XOR ESI,ESI
001028c6,LEA RDI,[0x10603e]
001028cd,CALL 0x001028a0
001028d2,NOP dword ptr CS:[RAX + RAX*0x1]
001028dd,NOP dword ptr [RAX]
001028e0,SUB RSP,0x8
001028e4,XOR ESI,ESI
001028e6,CALL 0x00102840
001028eb,XOR EDI,EDI
001028ed,CALL 0x00102320
001028f2,NOP dword ptr CS:[RAX + RAX*0x1]
001028fd,NOP dword ptr [RAX]
00102900,PUSH R15
00102902,MOV R10D,0xc7
00102908,LEA R15,[0x106620]
0010290f,PUSH R14
00102911,MOV R14D,0xc8
00102917,PUSH R13
00102919,PUSH R12
0010291b,XOR R12D,R12D
0010291e,PUSH RBP
0010291f,PUSH RBX
00102920,SUB RSP,0xd98
00102927,MOV dword ptr [0x0010b6b0],0xfffffffe
00102931,LEA RSI,[RSP + 0x40]
00102936,LEA RBP,[RSP + 0x110]
0010293e,MOV dword ptr [RSP + 0x38],0x0
00102946,MOV qword ptr [RSP + 0x8],RBP
0010294b,MOV RBX,RSI
0010294e,MOV R13,RSI
00102951,MOV qword ptr [RSP + 0x20],RSI
00102956,LEA RAX,[R13 + R10*0x1]
0010295b,MOV byte ptr [RBX],R12B
0010295e,CMP RBX,RAX
00102961,JC 0x00102a2e
00102967,SUB RBX,R13
0010296a,LEA RBP,[RBX + 0x1]
0010296e,CMP R14,0x2710
00102975,JZ 0x00103231
0010297b,MOV EAX,0x2710
00102980,ADD R14,R14
00102983,CMP R14,RAX
00102986,CMOVG R14,RAX
0010298a,MOV RAX,R14
0010298d,SHL RAX,0x4
00102991,LEA RDI,[R14 + RAX*0x1 + 0xf]
00102996,CALL 0x00102240
0010299b,TEST RAX,RAX
0010299e,JZ 0x00103231
001029a4,MOV RDX,RBP
001029a7,MOV RSI,R13
001029aa,MOV RDI,RAX
001029ad,SHL RBP,0x4
001029b1,CALL 0x00102210
001029b6,LEA R9,[R14 + 0x1e]
001029ba,MOV RSI,qword ptr [RSP + 0x8]
001029bf,MOV RDX,RBP
001029c2,MOV RCX,RAX
001029c5,MOV RAX,R14
001029c8,ADD RAX,0xf
001029cc,MOV qword ptr [RSP + 0x10],RCX
001029d1,CMOVNS R9,RAX
001029d5,AND R9,-0x10
001029d9,ADD R9,RCX
001029dc,MOV RDI,R9
001029df,CALL 0x00102210
001029e4,MOV RCX,qword ptr [RSP + 0x10]
001029e9,MOV R9,RAX
001029ec,MOV RAX,qword ptr [RSP + 0x20]
001029f1,CMP R13,RAX
001029f4,JZ 0x00102a0d
001029f6,MOV RDI,R13
001029f9,MOV qword ptr [RSP + 0x8],R9
001029fe,CALL 0x00102030
00102a03,MOV RCX,qword ptr [RSP + 0x10]
00102a08,MOV R9,qword ptr [RSP + 0x8]
00102a0d,LEA R10,[R14 + -0x1]
00102a11,ADD RBX,RCX
00102a14,LEA RBP,[R9 + RBP*0x1 + -0x10]
00102a19,LEA RAX,[RCX + R10*0x1]
00102a1d,CMP RBX,RAX
00102a20,JNC 0x00103224
00102a26,MOV qword ptr [RSP + 0x8],R9
00102a2b,MOV R13,RCX
00102a2e,CMP R12D,0x2
00102a32,JZ 0x00102d50
00102a38,MOVSXD RDX,R12D
00102a3b,MOVSX R12D,word ptr [R15 + RDX*0x2]
00102a40,MOV ECX,R12D
00102a43,CMP R12D,-0x15
00102a47,JZ 0x00102bd0
00102a4d,MOV EAX,dword ptr [0x0010b6b0]
00102a53,CMP EAX,-0x2
00102a56,JZ 0x00102d00
00102a5c,TEST EAX,EAX
00102a5e,JLE 0x00102cb8
00102a64,CMP EAX,0x100
00102a69,JZ 0x00102d41
00102a6f,CMP EAX,0x10d
00102a74,JBE 0x00102cd0
00102a7a,LEA ECX,[R12 + 0x2]
00102a7f,MOV EAX,0x2
00102a84,CMP ECX,0xbb
00102a8a,JA 0x00102bd0
00102a90,MOVSXD RCX,ECX
00102a93,LEA RDI,[0x106440]
00102a9a,MOVSX ESI,byte ptr [RDI + RCX*0x1]
00102a9e,CMP ESI,EAX
00102aa0,JNZ 0x00102bd0
00102aa6,LEA RAX,[0x106500]
00102aad,MOVSX R12D,byte ptr [RAX + RCX*0x1]
00102ab2,MOV EAX,R12D
00102ab5,NEG EAX
00102ab7,TEST R12D,R12D
00102aba,JLE 0x00102af0
00102abc,MOV EAX,dword ptr [RSP + 0x38]
00102ac0,MOVDQA XMM0,xmmword ptr [0x0010b6a0]
00102ac8,MOV dword ptr [0x0010b6b0],0xfffffffe
00102ad2,CMP EAX,0x1
00102ad5,MOVAPS xmmword ptr [RBP + 0x10],XMM0
00102ad9,ADC EAX,-0x1
00102adc,ADD RBP,0x10
00102ae0,MOV dword ptr [RSP + 0x38],EAX
00102ae4,JMP 0x00102bc1
00102af0,MOVSXD R9,EAX
00102af3,LEA RDI,[0x1063c0]
00102afa,MOV EDX,0x1
00102aff,SUB EAX,0x6
00102b02,MOVSX RCX,byte ptr [RDI + R9*0x1]
00102b07,SUB EDX,ECX
00102b09,MOV R12,RCX
00102b0c,MOVSXD RDX,EDX
00102b0f,SHL RDX,0x4
00102b13,FLD tword ptr [RBP + RDX*0x1]
00102b17,CMP EAX,0x1f
00102b1a,JA 0x00102b60
00102b1c,LEA RDX,[0x106300]
00102b23,MOVSXD RAX,dword ptr [RDX + RAX*0x4]
00102b27,ADD RAX,RDX
00102b2a,JMP RAX
00102b2c,MOV RAX,qword ptr [RBP]
00102b30,MOV qword ptr [RSP + 0x30],R10
00102b35,MOV qword ptr [RSP + 0x28],R9
00102b3a,FSTP tword ptr [RSP + 0x10]
00102b3e,MOV RSI,qword ptr [RAX + 0x10]
00102b42,LEA RDI,[0x10602c]
00102b49,XOR EAX,EAX
00102b4b,CALL 0x00102130
00102b50,FLD tword ptr [RSP + 0x10]
00102b54,MOV R9,qword ptr [RSP + 0x28]
00102b59,MOV R10,qword ptr [RSP + 0x30]
00102b5e,NOP
00102b60,MOV RDX,R12
00102b63,MOV RAX,RBP
00102b66,SUB RBX,R12
00102b69,SHL RDX,0x4
00102b6d,SUB RAX,RDX
00102b70,LEA RDX,[0x1065c2]
00102b77,FSTP tword ptr [RAX + 0x10]
00102b7a,LEA RBP,[RAX + 0x10]
00102b7e,LEA RAX,[0x106400]
00102b85,MOVSX ESI,byte ptr [RBX]
00102b88,MOVSX EAX,byte ptr [RAX + R9*0x1]
00102b8d,MOV ECX,ESI
00102b8f,SUB EAX,0x1e
00102b92,CDQE
00102b94,MOVSX EDX,byte ptr [RDX + RAX*0x1]
00102b98,ADD EDX,ESI
00102b9a,CMP EDX,0xbb
00102ba0,JA 0x00102bb5
00102ba2,MOVSXD RDX,EDX
00102ba5,LEA RSI,[0x106440]
00102bac,CMP CL,byte ptr [RSI + RDX*0x1]
00102baf,JZ 0x00102d30
00102bb5,LEA RDX,[0x1065bc]
00102bbc,MOVSX R12D,byte ptr [RDX + RAX*0x1]
00102bc1,ADD RBX,0x1
00102bc5,JMP 0x00102956
00102bd0,LEA RAX,[0x1065e0]
00102bd7,MOVSX EAX,byte ptr [RAX + RDX*0x1]
00102bdb,TEST EAX,EAX
00102bdd,JNZ 0x00102af0
00102be3,MOV ECX,dword ptr [RSP + 0x38]
00102be7,TEST ECX,ECX
00102be9,JZ 0x00103252
00102bef,CMP dword ptr [RSP + 0x38],0x3
00102bf4,JNZ 0x00102c0a
00102bf6,MOV EAX,dword ptr [0x0010b6b0]
00102bfc,TEST EAX,EAX
00102bfe,JG 0x00102cf0
00102c04,JZ 0x00102c88
00102c0a,LEA RDX,[0x106500]
00102c11,JMP 0x00102c37
00102c20,CMP R13,RBX
00102c23,JZ 0x00102c88
00102c25,MOVSX RAX,byte ptr [RBX + -0x1]
00102c2a,SUB RBX,0x1
00102c2e,SUB RBP,0x10
00102c32,MOVSX R12D,word ptr [R15 + RAX*0x2]
00102c37,CMP R12D,-0x15
00102c3b,JZ 0x00102c20
00102c3d,ADD R12D,0x1
00102c41,CMP R12D,0xbb
00102c48,JA 0x00102c20
00102c4a,MOVSXD R12,R12D
00102c4d,LEA RAX,[0x106440]
00102c54,CMP byte ptr [RAX + R12*0x1],0x1
00102c59,JNZ 0x00102c20
00102c5b,MOVSX R12D,byte ptr [RDX + R12*0x1]
00102c60,TEST R12D,R12D
00102c63,JLE 0x00102c20
00102c65,MOVDQA XMM0,xmmword ptr [0x0010b6a0]
00102c6d,MOV dword ptr [RSP + 0x38],0x3
00102c75,ADD RBP,0x10
00102c79,MOVAPS xmmword ptr [RBP],XMM0
00102c7d,JMP 0x00102bc1
00102c88,MOV RSI,qword ptr [RSP + 0x20]
00102c8d,MOV EBX,0x1
00102c92,CMP R13,RSI
00102c95,JZ 0x00102c9f
00102c97,MOV RDI,R13
00102c9a,CALL 0x00102030
00102c9f,ADD RSP,0xd98
00102ca6,MOV EAX,EBX
00102ca8,POP RBX
00102ca9,POP RBP
00102caa,POP R12
00102cac,POP R13
00102cae,POP R14
00102cb0,POP R15
00102cb2,RET
00102cb8,MOV dword ptr [0x0010b6b0],0x0
00102cc2,XOR EAX,EAX
00102cc4,JMP 0x00102a84
00102cd0,LEA RCX,[0x1066a0]
00102cd7,CDQE
00102cd9,MOVSX EAX,byte ptr [RCX + RAX*0x1]
00102cdd,LEA ECX,[R12 + RAX*0x1]
00102ce1,JMP 0x00102a84
00102cf0,MOV dword ptr [0x0010b6b0],0xfffffffe
00102cfa,JMP 0x00102c0a
00102d00,MOV qword ptr [RSP + 0x30],R10
00102d05,MOV qword ptr [RSP + 0x28],RDX
00102d0a,MOV dword ptr [RSP + 0x10],R12D
00102d0f,CALL 0x001037e0
00102d14,MOV R10,qword ptr [RSP + 0x30]
00102d19,MOV RDX,qword ptr [RSP + 0x28]
00102d1e,MOV dword ptr [0x0010b6b0],EAX
00102d24,MOV ECX,dword ptr [RSP + 0x10]
00102d28,JMP 0x00102a5c
00102d30,LEA RAX,[0x106500]
00102d37,MOVSX R12D,byte ptr [RAX + RDX*0x1]
00102d3c,JMP 0x00102bc1
00102d41,MOV dword ptr [0x0010b6b0],0x101
00102d4b,JMP 0x00102c0a
00102d50,MOV RSI,qword ptr [RSP + 0x20]
00102d55,XOR EBX,EBX
00102d57,JMP 0x00102c92
00102d5c,FSTP ST0
00102d5e,FLD tword ptr [RBP]
00102d61,FCHS
00102d63,JMP 0x00102b60
00102d68,FSTP ST0
00102d6a,FLD tword ptr [RBP + -0x20]
00102d6d,FLD tword ptr [RBP]
00102d70,FADDP
00102d72,JMP 0x00102b60
00102d77,FSTP ST0
00102d79,FLD tword ptr [RBP + -0x20]
00102d7c,FNSTCW word ptr [RSP + 0x3e]
00102d80,MOVZX EAX,word ptr [RSP + 0x3e]
00102d85,OR AH,0xc
00102d88,MOV word ptr [RSP + 0x3c],AX
00102d8d,FLDCW word ptr [RSP + 0x3c]
00102d91,FISTP qword ptr [RSP + 0x10]
00102d95,FLDCW word ptr [RSP + 0x3e]
00102d99,MOV RAX,qword ptr [RSP + 0x10]
00102d9e,FLD tword ptr [RBP]
00102da1,FLDCW word ptr [RSP + 0x3c]
00102da5,FISTP qword ptr [RSP + 0x10]
00102da9,FLDCW word ptr [RSP + 0x3e]
00102dad,MOV RCX,qword ptr [RSP + 0x10]
00102db2,SAR RAX,CL
00102db5,MOV qword ptr [RSP + 0x10],RAX
00102dba,FILD qword ptr [RSP + 0x10]
00102dbe,JMP 0x00102b60
00102dc3,FSTP ST0
00102dc5,FLD tword ptr [RBP + -0x20]
00102dc8,FNSTCW word ptr [RSP + 0x3e]
00102dcc,MOVZX EAX,word ptr [RSP + 0x3e]
00102dd1,OR AH,0xc
00102dd4,MOV word ptr [RSP + 0x3c],AX
00102dd9,FLDCW word ptr [RSP + 0x3c]
00102ddd,FISTP qword ptr [RSP + 0x10]
00102de1,FLDCW word ptr [RSP + 0x3e]
00102de5,MOV RAX,qword ptr [RSP + 0x10]
00102dea,FLD tword ptr [RBP]
00102ded,FLDCW word ptr [RSP + 0x3c]
00102df1,FISTP qword ptr [RSP + 0x10]
00102df5,FLDCW word ptr [RSP + 0x3e]
00102df9,MOV RCX,qword ptr [RSP + 0x10]
00102dfe,SHL RAX,CL
00102e01,MOV qword ptr [RSP + 0x10],RAX
00102e06,FILD qword ptr [RSP + 0x10]
00102e0a,JMP 0x00102b60
00102e0f,FSTP ST0
00102e11,FLD tword ptr [RBP + -0x20]
00102e14,FNSTCW word ptr [RSP + 0x3e]
00102e18,MOVZX EAX,word ptr [RSP + 0x3e]
00102e1d,OR AH,0xc
00102e20,MOV word ptr [RSP + 0x3c],AX
00102e25,FLDCW word ptr [RSP + 0x3c]
00102e29,FISTP qword ptr [RSP + 0x10]
00102e2d,FLDCW word ptr [RSP + 0x3e]
00102e31,MOV RAX,qword ptr [RSP + 0x10]
00102e36,FLD tword ptr [RBP]
00102e39,FLDCW word ptr [RSP + 0x3c]
00102e3d,FISTP qword ptr [RSP + 0x10]
00102e41,FLDCW word ptr [RSP + 0x3e]
00102e45,MOV RDX,qword ptr [RSP + 0x10]
00102e4a,XOR RAX,RDX
00102e4d,MOV qword ptr [RSP + 0x10],RAX
00102e52,FILD qword ptr [RSP + 0x10]
00102e56,JMP 0x00102b60
00102e5b,FSTP ST0
00102e5d,FLD tword ptr [RBP + -0x20]
00102e60,FNSTCW word ptr [RSP + 0x3e]
00102e64,MOVZX EAX,word ptr [RSP + 0x3e]
00102e69,OR AH,0xc
00102e6c,MOV word ptr [RSP + 0x3c],AX
00102e71,FLDCW word ptr [RSP + 0x3c]
00102e75,FISTP qword ptr [RSP + 0x10]
00102e79,FLDCW word ptr [RSP + 0x3e]
00102e7d,FLD tword ptr [RBP]
00102e80,MOV RAX,qword ptr [RSP + 0x10]
00102e85,FLDCW word ptr [RSP + 0x3c]
00102e89,FISTP qword ptr [RSP + 0x28]
00102e8d,FLDCW word ptr [RSP + 0x3e]
00102e91,AND RAX,qword ptr [RSP + 0x28]
00102e96,MOV qword ptr [RSP + 0x10],RAX
00102e9b,FILD qword ptr [RSP + 0x10]
00102e9f,JMP 0x00102b60
00102ea4,FSTP ST0
00102ea6,FLD tword ptr [RBP + -0x20]
00102ea9,FNSTCW word ptr [RSP + 0x3e]
00102ead,MOVZX EAX,word ptr [RSP + 0x3e]
00102eb2,OR AH,0xc
00102eb5,MOV word ptr [RSP + 0x3c],AX
00102eba,FLDCW word ptr [RSP + 0x3c]
00102ebe,FISTP qword ptr [RSP + 0x10]
00102ec2,FLDCW word ptr [RSP + 0x3e]
00102ec6,MOV RAX,qword ptr [RSP + 0x10]
00102ecb,FLD tword ptr [RBP]
00102ece,FLDCW word ptr [RSP + 0x3c]
00102ed2,FISTP qword ptr [RSP + 0x10]
00102ed6,FLDCW word ptr [RSP + 0x3e]
00102eda,MOV RDX,qword ptr [RSP + 0x10]
00102edf,OR RAX,RDX
00102ee2,MOV qword ptr [RSP + 0x10],RAX
00102ee7,FILD qword ptr [RSP + 0x10]
00102eeb,JMP 0x00102b60
00102ef0,FSTP ST0
00102ef2,FLD tword ptr [RBP]
00102ef5,FNSTCW word ptr [RSP + 0x3e]
00102ef9,MOVZX EAX,word ptr [RSP + 0x3e]
00102efe,OR AH,0xc
00102f01,MOV word ptr [RSP + 0x3c],AX
00102f06,FLDCW word ptr [RSP + 0x3c]
00102f0a,FISTP qword ptr [RSP + 0x10]
00102f0e,FLDCW word ptr [RSP + 0x3e]
00102f12,MOV RAX,qword ptr [RSP + 0x10]
00102f17,NOT RAX
00102f1a,MOV qword ptr [RSP + 0x10],RAX
00102f1f,FILD qword ptr [RSP + 0x10]
00102f23,JMP 0x00102b60
00102f28,FSTP ST0
00102f2a,MOV qword ptr [RSP + 0x28],R10
00102f2f,MOV RDX,qword ptr [RBP + -0x10]
00102f33,MOV qword ptr [RSP + 0x10],R9
00102f38,PUSH qword ptr [RBP + 0x8]
00102f3b,PUSH qword ptr [RBP]
00102f3e,XOR EAX,EAX
00102f40,CALL qword ptr [RDX + 0x10]
00102f43,POP RDX
00102f44,POP RCX
00102f45,MOV R9,qword ptr [RSP + 0x10]
00102f4a,MOV R10,qword ptr [RSP + 0x28]
00102f4f,JMP 0x00102b60
00102f54,FSTP ST0
00102f56,MOV qword ptr [RSP + 0x28],R10
00102f5b,MOV RDX,qword ptr [RBP + -0x30]
00102f5f,MOV qword ptr [RSP + 0x10],R9
00102f64,PUSH qword ptr [RBP + -0x8]
00102f67,PUSH qword ptr [RBP + -0x10]
00102f6a,JMP 0x00102f3e
00102f6c,FSTP ST0
00102f6e,MOV RAX,qword ptr [RBP]
00102f72,FLD tword ptr [RAX + 0x10]
00102f75,JMP 0x00102b60
00102f7a,MOV RDX,qword ptr [RBP]
00102f7e,MOV RAX,qword ptr [RBP + -0x20]
00102f82,MOV ESI,0x10c
00102f87,MOV RDX,qword ptr [RDX]
00102f8a,MOV word ptr [RAX + 0x8],SI
00102f8e,MOV qword ptr [RAX + 0x10],RDX
00102f92,JMP 0x00102b60
00102f97,FSTP ST0
00102f99,FLD tword ptr [RBP]
00102f9c,MOV RAX,qword ptr [RBP + -0x20]
00102fa0,MOV EDI,0x103
00102fa5,MOV word ptr [RAX + 0x8],DI
00102fa9,FLD ST0
00102fab,FSTP tword ptr [RAX + 0x10]
00102fae,JMP 0x00102b60
00102fb3,MOV RAX,qword ptr [RBP]
00102fb7,MOV qword ptr [RSP + 0x30],R10
00102fbc,MOV qword ptr [RSP + 0x28],R9
00102fc1,FSTP tword ptr [RSP + 0x10]
00102fc5,MOV RSI,qword ptr [RAX]
00102fc8,JMP 0x00102b42
00102fcd,MOV qword ptr [RSP + 0x30],R10
00102fd2,MOV RDX,qword ptr [RBP + -0x10]
00102fd6,MOV qword ptr [RSP + 0x28],R9
00102fdb,FSTP tword ptr [RSP + 0x10]
00102fdf,PUSH qword ptr [RBP + 0x8]
00102fe2,PUSH qword ptr [RBP]
00102fe5,XOR EAX,EAX
00102fe7,CALL qword ptr [RDX + 0x10]
00102fea,POP R8
00102fec,POP R9
00102fee,FLD tword ptr [RSP + 0x10]
00102ff2,MOV R9,qword ptr [RSP + 0x28]
00102ff7,MOV R10,qword ptr [RSP + 0x30]
00102ffc,JMP 0x00102b60
00103001,MOV RAX,qword ptr [RBP]
00103005,MOV RDX,qword ptr [RBP + -0x10]
00103009,MOV qword ptr [RSP + 0x30],R10
0010300e,MOV qword ptr [RSP + 0x28],R9
00103013,FSTP tword ptr [RSP + 0x10]
00103017,MOV RDI,qword ptr [RAX + 0x10]
0010301b,XOR EAX,EAX
0010301d,CALL qword ptr [RDX + 0x10]
00103020,MOV R9,qword ptr [RSP + 0x28]
00103025,FLD tword ptr [RSP + 0x10]
00103029,MOV R10,qword ptr [RSP + 0x30]
0010302e,JMP 0x00102b60
00103033,MOV dword ptr [RSP + 0x38],0x0
0010303b,JMP 0x00102b60
00103040,MOV RAX,qword ptr [RBP + -0x20]
00103044,MOV qword ptr [RSP + 0x30],R10
00103049,MOV qword ptr [RSP + 0x28],R9
0010304e,MOV RSI,qword ptr [RAX]
00103051,LEA RDX,[RAX + 0x10]
00103055,MOV RAX,qword ptr [RBP]
00103059,FSTP tword ptr [RSP + 0x10]
0010305d,MOV RDI,qword ptr [RAX]
00103060,CALL 0x00105280
00103065,MOV R9,qword ptr [RSP + 0x28]
0010306a,FLD tword ptr [RSP + 0x10]
0010306e,MOV R10,qword ptr [RSP + 0x30]
00103073,JMP 0x00102b60
00103078,MOV RAX,qword ptr [RBP]
0010307c,LEA RDI,[0x106057]
00103083,MOV qword ptr [RSP + 0x30],R10
00103088,MOV qword ptr [RSP + 0x28],R9
0010308d,MOV RSI,qword ptr [RAX]
00103090,LEA RDX,[RAX + 0x10]
00103094,FSTP tword ptr [RSP + 0x10]
00103098,CALL 0x00105280
0010309d,MOV R9,qword ptr [RSP + 0x28]
001030a2,FLD tword ptr [RSP + 0x10]
001030a6,MOV R10,qword ptr [RSP + 0x30]
001030ab,JMP 0x00102b60
001030b0,MOV RAX,qword ptr [RBP + -0x20]
001030b4,MOV RDX,qword ptr [RBP]
001030b8,MOV qword ptr [RSP + 0x30],R10
001030bd,MOV qword ptr [RSP + 0x28],R9
001030c2,FSTP tword ptr [RSP + 0x10]
001030c6,MOV RSI,qword ptr [RAX]
001030c9,MOV RDI,qword ptr [RDX]
001030cc,PUSH qword ptr [RAX + 0x18]
001030cf,PUSH qword ptr [RAX + 0x10]
001030d2,CALL 0x00105050
001030d7,POP R10
001030d9,POP R11
001030db,MOV R9,qword ptr [RSP + 0x28]
001030e0,FLD tword ptr [RSP + 0x10]
001030e4,MOV R10,qword ptr [RSP + 0x30]
001030e9,JMP 0x00102b60
001030ee,MOV RAX,qword ptr [RBP]
001030f2,MOV qword ptr [RSP + 0x30],R10
001030f7,LEA RDI,[0x106057]
001030fe,MOV qword ptr [RSP + 0x28],R9
00103103,FSTP tword ptr [RSP + 0x10]
00103107,MOV RSI,qword ptr [RAX]
0010310a,PUSH qword ptr [RAX + 0x18]
0010310d,PUSH qword ptr [RAX + 0x10]
00103110,JMP 0x001030d2
00103112,MOV qword ptr [RSP + 0x30],R10
00103117,MOV qword ptr [RSP + 0x28],R9
0010311c,FSTP tword ptr [RSP + 0x10]
00103120,PUSH qword ptr [RBP + 0x8]
00103123,PUSH qword ptr [RBP]
00103126,CALL 0x001053b0
0010312b,POP RAX
0010312c,POP RDX
0010312d,FLD tword ptr [RSP + 0x10]
00103131,MOV R9,qword ptr [RSP + 0x28]
00103136,MOV R10,qword ptr [RSP + 0x30]
0010313b,JMP 0x00102b60
00103140,FSTP ST0
00103142,FLD tword ptr [RBP + -0x20]
00103145,FLD tword ptr [RBP]
00103148,FSUBP
0010314a,JMP 0x00102b60
0010314f,FSTP ST0
00103151,FLD tword ptr [RBP + -0x20]
00103154,FNSTCW word ptr [RSP + 0x3e]
00103158,MOVZX EAX,word ptr [RSP + 0x3e]
0010315d,OR AH,0xc
00103160,MOV word ptr [RSP + 0x3c],AX
00103165,FLDCW word ptr [RSP + 0x3c]
00103169,FISTP qword ptr [RSP + 0x10]
0010316d,FLDCW word ptr [RSP + 0x3e]
00103171,MOV RAX,qword ptr [RSP + 0x10]
00103176,FLD tword ptr [RBP]
00103179,FLDCW word ptr [RSP + 0x3c]
0010317d,FISTP qword ptr [RSP + 0x10]
00103181,FLDCW word ptr [RSP + 0x3e]
00103185,CQO
00103187,MOV RCX,qword ptr [RSP + 0x10]
0010318c,IDIV RCX
0010318f,MOV qword ptr [RSP + 0x10],RDX
00103194,FILD qword ptr [RSP + 0x10]
00103198,JMP 0x00102b60
0010319d,FSTP ST0
0010319f,FLDZ
001031a1,FLD tword ptr [RBP]
001031a4,FUCOMI ST0,ST1
001031a6,FSTP ST1
001031a8,JP 0x001031b0
001031aa,JZ 0x0010323d
001031b0,FLD tword ptr [RBP + -0x20]
001031b3,FDIVRP
001031b5,JMP 0x00102b60
001031ba,FSTP ST0
001031bc,FLD tword ptr [RBP + -0x20]
001031bf,FLD tword ptr [RBP]
001031c2,FMULP
001031c4,JMP 0x00102b60
001031c9,MOV RAX,qword ptr [RBP]
001031cd,FSTP tword ptr [RSP + 0x10]
001031d1,MOV RDX,qword ptr [RBP + -0x10]
001031d5,MOV qword ptr [RSP + 0x30],R10
001031da,MOV qword ptr [RSP + 0x28],R9
001031df,PUSH qword ptr [RAX + 0x18]
001031e2,PUSH qword ptr [RAX + 0x10]
001031e5,JMP 0x00102fe5
001031ea,FSTP ST0
001031ec,FLD tword ptr [RBP + -0x10]
001031ef,JMP 0x00102b60
001031f4,FSTP ST0
001031f6,MOV qword ptr [RSP + 0x28],R10
001031fb,MOV qword ptr [RSP + 0x10],R9
00103200,PUSH qword ptr [RBP + 0x8]
00103203,PUSH qword ptr [RBP]
00103206,PUSH qword ptr [RBP + -0x18]
00103209,PUSH qword ptr [RBP + -0x20]
0010320c,CALL 0x00104c30
00103211,ADD RSP,0x20
00103215,MOV R9,qword ptr [RSP + 0x10]
0010321a,MOV R10,qword ptr [RSP + 0x28]
0010321f,JMP 0x00102b60
00103224,MOV R13,RCX
00103227,MOV EBX,0x1
0010322c,JMP 0x00102c97
00103231,LEA RDI,[0x10607f]
00103238,CALL 0x001028e0
0010323d,FSTP ST0
0010323f,LEA RSI,[0x1060c8]
00103246,LEA RDI,[0x106061]
0010324d,CALL 0x001028a0
00103252,LEA RDI,[0x106072]
00103259,ADD dword ptr [0x0010b690],0x1
00103260,CALL 0x001028e0
00103265,NOP word ptr CS:[RAX + RAX*0x1]
0010326f,NOP word ptr CS:[RAX + RAX*0x1]
00103279,NOP dword ptr [RAX]
00103280,PUSH R15
00103282,MOV R10,qword ptr [0x0010b6b8]
00103289,PUSH R14
0010328b,PUSH R13
0010328d,PUSH R12
0010328f,MOV R12,qword ptr [0x0010b6f8]
00103296,PUSH RBP
00103297,PUSH RBX
00103298,MOV EBX,dword ptr [0x0010b6ec]
0010329e,CMP R10,R12
001032a1,JNC 0x0010339c
001032a7,XOR R15D,R15D
001032aa,LEA R14,[0x108660]
001032b1,LEA R8,[0x1083e0]
001032b8,LEA RDI,[0x1077e0]
001032bf,LEA R13,[0x107d40]
001032c6,LEA R9,[0x1082a0]
001032cd,LEA R11,[0x108520]
001032d4,NOP dword ptr CS:[RAX + RAX*0x1]
001032df,NOP
001032e0,MOVZX EAX,byte ptr [R10]
001032e4,TEST AL,AL
001032e6,JZ 0x001033b0
001032ec,LEA RSI,[0x108560]
001032f3,MOVZX ECX,byte ptr [RSI + RAX*0x1]
001032f7,MOV ESI,ECX
001032f9,MOVSXD RDX,EBX
001032fc,CMP word ptr [R14 + RDX*0x2],0x0
00103302,JZ 0x00103313
00103304,MOV qword ptr [RSP + -0x8],R10
00103309,MOV R15D,0x1
0010330f,MOV dword ptr [RSP + -0xc],EDX
00103313,MOVSX EAX,word ptr [R8 + RDX*0x2]
00103318,ADD EAX,ECX
0010331a,CDQE
0010331c,MOVSX EBP,word ptr [RDI + RAX*0x2]
00103320,CMP EBP,EBX
00103322,JZ 0x0010336c
00103324,NOP dword ptr CS:[RAX + RAX*0x1]
0010332f,NOP dword ptr CS:[RAX + RAX*0x1]
0010333a,NOP word ptr [RAX + RAX*0x1]
00103340,MOVSX EDX,word ptr [R9 + RDX*0x2]
00103345,MOV EBX,EDX
00103347,CMP DX,0x86
0010334c,JLE 0x00103356
0010334e,MOVSXD RCX,ECX
00103351,MOVZX ESI,byte ptr [R11 + RCX*0x1]
00103356,MOVSXD RDX,EDX
00103359,MOVZX ECX,SIL
0010335d,MOVSX EAX,word ptr [R8 + RDX*0x2]
00103362,ADD EAX,ECX
00103364,CDQE
00103366,CMP BX,word ptr [RDI + RAX*0x2]
0010336a,JNZ 0x00103340
0010336c,MOVSX EAX,word ptr [R13 + RAX*0x2]
00103372,ADD R10,0x1
00103376,MOV EBX,EAX
00103378,CMP R10,R12
0010337b,JNZ 0x001032e0
00103381,TEST R15B,R15B
00103384,JZ 0x0010339c
00103386,MOV EAX,dword ptr [RSP + -0xc]
0010338a,MOV dword ptr [0x0010b6e8],EAX
00103390,MOV RAX,qword ptr [RSP + -0x8]
00103395,MOV qword ptr [0x0010b6e0],RAX
0010339c,MOV EAX,EBX
0010339e,POP RBX
0010339f,POP RBP
001033a0,POP R12
001033a2,POP R13
001033a4,POP R14
001033a6,POP R15
001033a8,RET
001033b0,MOV ECX,0x1
001033b5,MOV ESI,0x1
001033ba,JMP 0x001032f9
001033c0,SUB RSP,0x8
001033c4,MOV RDX,RDI
001033c7,MOV RDI,qword ptr [0x0010b580]
001033ce,XOR EAX,EAX
001033d0,LEA RSI,[0x10625d]
001033d7,CALL 0x001021c0
001033dc,MOV EDI,0x2
001033e1,CALL 0x00102320
001033e6,NOP word ptr CS:[RAX + RAX*0x1]
001033f0,PUSH RBP
001033f1,PUSH RBX
001033f2,SUB RSP,0x8
001033f6,MOV RDI,qword ptr [0x0010b708]
001033fd,TEST RDI,RDI
00103400,JZ 0x00103470
00103402,MOV RAX,qword ptr [0x0010b710]
00103409,LEA RDX,[RAX + -0x1]
0010340d,CMP qword ptr [0x0010b718],RDX
00103414,JNC 0x00103420
00103416,ADD RSP,0x8
0010341a,POP RBX
0010341b,POP RBP
0010341c,RET
00103420,LEA RBX,[RAX + 0x8]
00103424,LEA RBP,[RBX*0x8]
0010342c,MOV RSI,RBP
0010342f,CALL 0x00102280
00103434,MOV qword ptr [0x0010b708],RAX
0010343b,TEST RAX,RAX
0010343e,JZ 0x001034a8
00103440,LEA RAX,[RAX + RBP*0x1 + -0x40]
00103445,PXOR XMM0,XMM0
00103449,MOV qword ptr [0x0010b710],RBX
00103450,MOVUPS xmmword ptr [RAX],XMM0
00103453,MOVUPS xmmword ptr [RAX + 0x10],XMM0
00103457,MOVUPS xmmword ptr [RAX + 0x20],XMM0
0010345b,MOVUPS xmmword ptr [RAX + 0x30],XMM0
0010345f,ADD RSP,0x8
00103463,POP RBX
00103464,POP RBP
00103465,RET
00103470,MOV ESI,0x1
00103475,MOV EDI,0x8
0010347a,CALL 0x00102190
0010347f,MOV qword ptr [0x0010b708],RAX
00103486,TEST RAX,RAX
00103489,JZ 0x001034a8
0010348b,MOV qword ptr [0x0010b710],0x1
00103496,MOV qword ptr [0x0010b718],0x0
001034a1,ADD RSP,0x8
001034a5,POP RBX
001034a6,POP RBP
001034a7,RET
001034a8,LEA RDI,[0x106970]
001034af,CALL 0x001033c0
001034b4,NOP dword ptr CS:[RAX + RAX*0x1]
001034bf,NOP
001034c0,PUSH RBX
001034c1,MOV RBX,RDI
001034c4,CALL 0x001033f0
001034c9,MOV RAX,qword ptr [0x0010b708]
001034d0,TEST RAX,RAX
001034d3,JZ 0x00103540
001034d5,MOV RDX,qword ptr [0x0010b718]
001034dc,LEA RAX,[RAX + RDX*0x8]
001034e0,MOV RDX,qword ptr [RAX]
001034e3,CMP RDX,RBX
001034e6,JZ 0x0010353e
001034e8,TEST RDX,RDX
001034eb,JZ 0x0010350d
001034ed,MOV RCX,qword ptr [0x0010b6f8]
001034f4,MOVZX EDX,byte ptr [0x0010b704]
001034fb,MOV byte ptr [RCX],DL
001034fd,MOV RDX,qword ptr [RAX]
00103500,MOV qword ptr [RDX + 0x10],RCX
00103504,MOV ECX,dword ptr [0x0010b700]
0010350a,MOV dword ptr [RDX + 0x1c],ECX
0010350d,MOV qword ptr [RAX],RBX
00103510,MOV EAX,dword ptr [RBX + 0x1c]
00103513,MOV RDX,qword ptr [RBX]
00103516,MOV dword ptr [0x0010b700],EAX
0010351c,MOV RAX,qword ptr [RBX + 0x10]
00103520,MOV qword ptr [0x0010b6d0],RDX
00103527,MOV qword ptr [0x0010b6f8],RAX
0010352e,MOV qword ptr [0x0010b6b8],RAX
00103535,MOVZX EAX,byte ptr [RAX]
00103538,MOV byte ptr [0x0010b704],AL
0010353e,POP RBX
0010353f,RET
00103540,TEST RBX,RBX
00103543,JZ 0x0010353e
00103545,MOV RAX,qword ptr [0x0010b718]
0010354c,SHL RAX,0x3
00103550,JMP 0x0010350d
00103560,TEST RDI,RDI
00103563,JZ 0x001035c0
00103565,MOV RAX,qword ptr [0x0010b708]
0010356c,PUSH RBX
0010356d,MOV RBX,RDI
00103570,TEST RAX,RAX
00103573,JZ 0x00103585
00103575,MOV RDX,qword ptr [0x0010b718]
0010357c,LEA RAX,[RAX + RDX*0x8]
00103580,CMP RDI,qword ptr [RAX]
00103583,JZ 0x00103598
00103585,MOV EAX,dword ptr [RBX + 0x20]
00103588,TEST EAX,EAX
0010358a,JNZ 0x001035a6
0010358c,MOV RDI,RBX
0010358f,POP RBX
00103590,JMP 0x00102030
00103598,MOV qword ptr [RAX],0x0
0010359f,MOV EAX,dword ptr [RBX + 0x20]
001035a2,TEST EAX,EAX
001035a4,JZ 0x0010358c
001035a6,MOV RDI,qword ptr [RBX + 0x8]
001035aa,CALL 0x00102030
001035af,MOV RDI,RBX
001035b2,POP RBX
001035b3,JMP 0x00102030
001035c0,RET
001035d0,TEST RDI,RDI
001035d3,JZ 0x0010361a
001035d5,MOV RAX,qword ptr [RDI + 0x8]
001035d9,MOV dword ptr [RDI + 0x1c],0x0
001035e0,MOV byte ptr [RAX],0x0
001035e3,MOV RAX,qword ptr [RDI + 0x8]
001035e7,MOV byte ptr [RAX + 0x1],0x0
001035eb,MOV RAX,qword ptr [0x0010b708]
001035f2,MOV RDX,qword ptr [RDI + 0x8]
001035f6,MOV dword ptr [RDI + 0x28],0x1
001035fd,MOV dword ptr [RDI + 0x38],0x0
00103604,MOV qword ptr [RDI + 0x10],RDX
00103608,TEST RAX,RAX
0010360b,JZ 0x0010361a
0010360d,MOV RCX,qword ptr [0x0010b718]
00103614,CMP RDI,qword ptr [RAX + RCX*0x8]
00103618,JZ 0x00103620
0010361a,RET
00103620,MOV EAX,dword ptr [RDI + 0x1c]
00103623,MOV qword ptr [0x0010b6b8],RDX
0010362a,MOV qword ptr [0x0010b6f8],RDX
00103631,MOV dword ptr [0x0010b700],EAX
00103637,MOV RAX,qword ptr [RDI]
0010363a,MOV qword ptr [0x0010b6d0],RAX
00103641,MOVZX EAX,byte ptr [RDX]
00103644,MOV byte ptr [0x0010b704],AL
0010364a,RET
00103650,PUSH R13
00103652,PUSH R12
00103654,PUSH RBP
00103655,MOV RBP,RSI
00103658,PUSH RBX
00103659,MOV RBX,RDI
0010365c,SUB RSP,0x8
00103660,CALL 0x00102070
00103665,MOV RDI,RBX
00103668,MOV R13D,dword ptr [RAX]
0010366b,MOV R12,RAX
0010366e,CALL 0x001035d0
00103673,MOV RAX,qword ptr [0x0010b708]
0010367a,MOV qword ptr [RBX],RBP
0010367d,MOV dword ptr [RBX + 0x34],0x1
00103684,TEST RAX,RAX
00103687,JZ 0x00103696
00103689,MOV RDX,qword ptr [0x0010b718]
00103690,CMP RBX,qword ptr [RAX + RDX*0x8]
00103694,JZ 0x0010369e
00103696,MOV qword ptr [RBX + 0x2c],0x1
0010369e,XOR EAX,EAX
001036a0,TEST RBP,RBP
001036a3,JZ 0x001036bc
001036a5,MOV RDI,RBP
001036a8,CALL 0x00102230
001036ad,MOV EDI,EAX
001036af,CALL 0x001020e0
001036b4,TEST EAX,EAX
001036b6,SETG AL
001036b9,MOVZX EAX,AL
001036bc,MOV dword ptr [RBX + 0x24],EAX
001036bf,MOV dword ptr [R12],R13D
001036c3,ADD RSP,0x8
001036c7,POP RBX
001036c8,POP RBP
001036c9,POP R12
001036cb,POP R13
001036cd,RET
001036d0,PUSH R12
001036d2,MOV R12,RDI
001036d5,MOV EDI,0x40
001036da,PUSH RBP
001036db,MOV EBP,ESI
001036dd,PUSH RBX
001036de,CALL 0x00102240
001036e3,TEST RAX,RAX
001036e6,JZ 0x0010371c
001036e8,MOV dword ptr [RAX + 0x18],EBP
001036eb,LEA EDI,[RBP + 0x2]
001036ee,MOV RBX,RAX
001036f1,MOVSXD RDI,EDI
001036f4,CALL 0x00102240
001036f9,MOV qword ptr [RBX + 0x8],RAX
001036fd,TEST RAX,RAX
00103700,JZ 0x0010371c
00103702,MOV dword ptr [RBX + 0x20],0x1
00103709,MOV RSI,R12
0010370c,MOV RDI,RBX
0010370f,CALL 0x00103650
00103714,MOV RAX,RBX
00103717,POP RBX
00103718,POP RBP
00103719,POP R12
0010371b,RET
0010371c,LEA RDI,[0x1069a8]
00103723,CALL 0x001033c0
00103728,NOP dword ptr [RAX + RAX*0x1]
00103730,MOV RAX,qword ptr [0x0010b708]
00103737,PUSH R12
00103739,PUSH RBP
0010373a,MOV RBP,RDI
0010373d,PUSH RBX
0010373e,TEST RAX,RAX
00103741,JZ 0x001037a0
00103743,MOV RDX,qword ptr [0x0010b718]
0010374a,LEA R12,[RAX + RDX*0x8]
0010374e,MOV RBX,qword ptr [R12]
00103752,TEST RBX,RBX
00103755,JZ 0x001037a0
00103757,MOV RSI,RBP
0010375a,MOV RDI,RBX
0010375d,CALL 0x00103650
00103762,MOV RDX,qword ptr [R12]
00103766,POP RBX
00103767,POP RBP
00103768,POP R12
0010376a,MOV EAX,dword ptr [RDX + 0x1c]
0010376d,MOV dword ptr [0x0010b700],EAX
00103773,MOV RAX,qword ptr [RDX + 0x10]
00103777,MOV RDX,qword ptr [RDX]
0010377a,MOV qword ptr [0x0010b6f8],RAX
00103781,MOV qword ptr [0x0010b6b8],RAX
00103788,MOV qword ptr [0x0010b6d0],RDX
0010378f,MOVZX EAX,byte ptr [RAX]
00103792,MOV byte ptr [0x0010b704],AL
00103798,RET
001037a0,CALL 0x001033f0
001037a5,MOV RBX,qword ptr [0x0010b708]
001037ac,MOV ESI,0x4000
001037b1,MOV RAX,qword ptr [0x0010b718]
001037b8,MOV RDI,qword ptr [0x0010b6d0]
001037bf,LEA R12,[RBX + RAX*0x8]
001037c3,CALL 0x001036d0
001037c8,TEST RBX,RBX
001037cb,MOV qword ptr [R12],RAX
001037cf,CMOVNZ RBX,RAX
001037d3,JMP 0x00103757
001037e0,PUSH R15
001037e2,PUSH R14
001037e4,PUSH R13
001037e6,PUSH R12
001037e8,PUSH RBP
001037e9,PUSH RBX
001037ea,SUB RSP,0x58
001037ee,MOV EBP,dword ptr [0x0010b6f0]
001037f4,MOV R13D,dword ptr [0x0010b6ec]
001037fb,TEST EBP,EBP
001037fd,JZ 0x001039b0
00103803,MOV R10,qword ptr [0x0010b6f8]
0010380a,MOVZX EAX,byte ptr [0x0010b704]
00103811,LEA RBX,[0x1083e0]
00103818,LEA R12,[0x108560]
0010381f,MOV R8,R10
00103822,LEA R9,[0x108660]
00103829,LEA RBP,[0x1077e0]
00103830,LEA R11,[0x107d40]
00103837,LEA R14,[0x108520]
0010383e,MOV byte ptr [R8],AL
00103841,MOV ESI,R13D
00103844,LEA R10,[0x1082a0]
0010384b,MOV R13,R15
0010384e,MOV qword ptr [RSP + 0x18],R8
00103853,MOV R15,R8
00103856,MOVSXD RDX,ESI
00103859,XOR R8D,R8D
0010385c,MOVSX EAX,word ptr [RBX + RDX*0x2]
00103860,MOVZX ECX,byte ptr [R15]
00103864,CMP word ptr [R9 + RDX*0x2],0x0
0010386a,MOVZX ECX,byte ptr [R12 + RCX*0x1]
0010386f,JZ 0x0010387e
00103871,MOV dword ptr [RSP + 0x8],ESI
00103875,MOV R13,R15
00103878,MOV R8D,0x1
0010387e,ADD EAX,ECX
00103880,CDQE
00103882,MOVSX EDI,word ptr [RBP + RAX*0x2]
00103887,CMP ESI,EDI
00103889,JZ 0x001038e8
0010388b,NOP dword ptr CS:[RAX + RAX*0x1]
00103896,NOP dword ptr CS:[RAX + RAX*0x1]
001038a1,NOP dword ptr CS:[RAX + RAX*0x1]
001038ac,NOP dword ptr CS:[RAX + RAX*0x1]
001038b7,NOP word ptr [RAX + RAX*0x1]
001038c0,MOVSX EDX,word ptr [R10 + RDX*0x2]
001038c5,MOV ESI,EDX
001038c7,CMP DX,0x86
001038cc,JLE 0x001038d6
001038ce,MOVSXD RCX,ECX
001038d1,MOVZX ECX,byte ptr [R14 + RCX*0x1]
001038d6,MOVSXD RDX,EDX
001038d9,MOVSX EAX,word ptr [RBX + RDX*0x2]
001038dd,ADD EAX,ECX
001038df,CDQE
001038e1,CMP SI,word ptr [RBP + RAX*0x2]
001038e6,JNZ 0x001038c0
001038e8,MOVSX RDX,word ptr [R11 + RAX*0x2]
001038ed,ADD R15,0x1
001038f1,MOVSX EAX,word ptr [RBX + RDX*0x2]
001038f5,MOV ESI,EDX
001038f7,CMP AX,0x26c
001038fb,JNZ 0x00103860
00103901,TEST R8B,R8B
00103904,JZ 0x00103917
00103906,MOV EAX,dword ptr [RSP + 0x8]
0010390a,MOV qword ptr [0x0010b6e0],R13
00103911,MOV dword ptr [0x0010b6e8],EAX
00103917,MOV qword ptr [RSP + 0x10],R15
0010391c,MOV R15,qword ptr [RSP + 0x18]
00103921,LEA R8,[0x1076e0]
00103928,MOVSX EAX,word ptr [R9 + RDX*0x2]
0010392d,TEST EAX,EAX
0010392f,JNZ 0x00103949
00103931,MOV RAX,qword ptr [0x0010b6e0]
00103938,MOV qword ptr [RSP + 0x10],RAX
0010393d,MOVSXD RAX,dword ptr [0x0010b6e8]
00103944,MOVSX EAX,word ptr [R9 + RAX*0x2]
00103949,MOV RDI,qword ptr [RSP + 0x10]
0010394e,MOV qword ptr [0x0010b6b8],R15
00103955,MOV RDX,RDI
00103958,MOV qword ptr [0x0010b6f8],RDI
0010395f,SUB RDX,R15
00103962,MOV dword ptr [0x0010b6d8],EDX
00103968,MOVZX EDX,byte ptr [RDI]
0010396b,MOV byte ptr [RDI],0x0
0010396e,MOV byte ptr [0x0010b704],DL
00103974,CMP EAX,0x3a
00103977,JA 0x00104574
0010397d,MOV EDX,EAX
0010397f,MOVSXD RDX,dword ptr [R8 + RDX*0x4]
00103983,ADD RDX,R8
00103986,JMP RDX
00103988,MOV RDI,qword ptr [0x0010b6b8]
0010398f,XOR ESI,ESI
00103991,CALL 0x001022c0
00103996,FSTP tword ptr [0x0010b6a0]
0010399c,MOV EAX,0x102
001039a1,ADD RSP,0x58
001039a5,POP RBX
001039a6,POP RBP
001039a7,POP R12
001039a9,POP R13
001039ab,POP R14
001039ad,POP R15
001039af,RET
001039b0,MOV dword ptr [0x0010b6f0],0x1
001039ba,TEST R13D,R13D
001039bd,JNZ 0x001039cf
001039bf,MOV dword ptr [0x0010b6ec],0x1
001039c9,MOV R13D,0x1
001039cf,CMP qword ptr [0x0010b6d0],0x0
001039d7,JZ 0x00103a57
001039d9,CMP qword ptr [0x0010b6c8],0x0
001039e1,JZ 0x00103a73
001039e7,MOV RAX,qword ptr [0x0010b708]
001039ee,TEST RAX,RAX
001039f1,JZ 0x00103a2a
001039f3,MOV RDX,qword ptr [0x0010b718]
001039fa,MOV RAX,qword ptr [RAX + RDX*0x8]
001039fe,TEST RAX,RAX
00103a01,JZ 0x00103a2a
00103a03,MOV R10,qword ptr [RAX + 0x10]
00103a07,MOV EDX,dword ptr [RAX + 0x1c]
00103a0a,MOV RAX,qword ptr [RAX]
00103a0d,MOV qword ptr [0x0010b6b8],R10
00103a14,MOV qword ptr [0x0010b6d0],RAX
00103a1b,MOVZX EAX,byte ptr [R10]
00103a1f,MOV dword ptr [0x0010b700],EDX
00103a25,JMP 0x00103811
00103a2a,CALL 0x001033f0
00103a2f,MOV RDX,qword ptr [0x0010b718]
00103a36,MOV ESI,0x4000
00103a3b,MOV RAX,qword ptr [0x0010b708]
00103a42,MOV RDI,qword ptr [0x0010b6d0]
00103a49,LEA RBX,[RAX + RDX*0x8]
00103a4d,CALL 0x001036d0
00103a52,MOV qword ptr [RBX],RAX
00103a55,JMP 0x00103a03
00103a57,MOV RAX,qword ptr [0x0010b550]
00103a5e,CMP qword ptr [0x0010b6c8],0x0
00103a66,MOV qword ptr [0x0010b6d0],RAX
00103a6d,JNZ 0x001039e7
00103a73,MOV RAX,qword ptr [0x0010b540]
00103a7a,MOV qword ptr [0x0010b6c8],RAX
00103a81,JMP 0x001039e7
00103a86,MOV R15,R13
00103a89,MOVZX EAX,byte ptr [0x0010b704]
00103a90,MOV R8,qword ptr [0x0010b6f8]
00103a97,MOV R13D,dword ptr [0x0010b6ec]
00103a9e,JMP 0x0010383e
00103aa3,MOV EAX,0x26
00103aa8,JMP 0x001039a1
00103aad,MOV EAX,0x7c
00103ab2,JMP 0x001039a1
00103ab7,MOV EAX,0x10b
00103abc,JMP 0x001039a1
00103ac1,MOV EAX,0x10a
00103ac6,JMP 0x001039a1
00103acb,MOV EAX,0x109
00103ad0,JMP 0x001039a1
00103ad5,MOV EAX,0x108
00103ada,JMP 0x001039a1
00103adf,MOV EAX,0x58
00103ae4,JMP 0x001039a1
00103ae9,MOV EAX,0x7b
00103aee,JMP 0x001039a1
00103af3,MOV EAX,0x3b
00103af8,JMP 0x001039a1
00103afd,ADD dword ptr [0x0010b1d0],0x1
00103b04,MOV R15,R13
00103b07,MOV R8,qword ptr [0x0010b6f8]
00103b0e,MOVZX EAX,byte ptr [0x0010b704]
00103b15,MOV R13D,dword ptr [0x0010b6ec]
00103b1c,JMP 0x0010383e
00103b21,MOV EAX,0x2e
00103b26,JMP 0x001039a1
00103b2b,MOV EAX,0x5d
00103b30,JMP 0x001039a1
00103b35,MOV EAX,0x5b
00103b3a,JMP 0x001039a1
00103b3f,MOV EAX,0x29
00103b44,JMP 0x001039a1
00103b49,MOV EAX,0x28
00103b4e,JMP 0x001039a1
00103b53,MOV EAX,0x3d
00103b58,JMP 0x001039a1
00103b5d,MOV EAX,0x3e
00103b62,JMP 0x001039a1
00103b67,MOV EAX,0x3c
00103b6c,JMP 0x001039a1
00103b71,MOV EAX,0x25
00103b76,JMP 0x001039a1
00103b7b,MOV EAX,0x2f
00103b80,JMP 0x001039a1
00103b85,MOV EAX,0x2a
00103b8a,JMP 0x001039a1
00103b8f,MOV EAX,0x2b
00103b94,JMP 0x001039a1
00103b99,MOV EAX,0x7e
00103b9e,JMP 0x001039a1
00103ba3,MOV EAX,0x21
00103ba8,JMP 0x001039a1
00103bad,MOV EAX,0x3a
00103bb2,JMP 0x001039a1
00103bb7,MOV EAX,0x2c
00103bbc,JMP 0x001039a1
00103bc1,MOVZX EAX,byte ptr [0x0010b704]
00103bc8,MOV RDI,qword ptr [RSP + 0x10]
00103bcd,MOVSXD RDX,dword ptr [0x0010b6e8]
00103bd4,MOV byte ptr [RDI],AL
00103bd6,MOV RAX,qword ptr [0x0010b6e0]
00103bdd,MOV qword ptr [RSP + 0x10],RAX
00103be2,JMP 0x00103928
00103be7,XOR EAX,EAX
00103be9,JMP 0x001039a1
00103bee,MOV RDI,qword ptr [RSP + 0x10]
00103bf3,MOV RAX,RDI
00103bf6,SUB RAX,qword ptr [0x0010b6b8]
00103bfd,SUB EAX,0x1
00103c00,MOV dword ptr [RSP + 0x3c],EAX
00103c04,MOVZX EAX,byte ptr [0x0010b704]
00103c0b,MOV byte ptr [RDI],AL
00103c0d,MOV RDI,qword ptr [0x0010b718]
00103c14,MOV RAX,qword ptr [0x0010b708]
00103c1b,LEA RCX,[RAX + RDI*0x8]
00103c1f,MOV qword ptr [RSP + 0x28],RCX
00103c24,MOV RCX,qword ptr [RCX]
00103c27,MOV ESI,dword ptr [RCX + 0x38]
00103c2a,TEST ESI,ESI
00103c2c,JZ 0x00104154
00103c32,MOVSXD RSI,dword ptr [0x0010b700]
00103c39,MOV RDX,qword ptr [RCX + 0x8]
00103c3d,MOV R10,qword ptr [0x0010b6f8]
00103c44,MOV qword ptr [RSP + 0x40],RSI
00103c49,MOV qword ptr [RSP + 0x30],RDX
00103c4e,ADD RDX,RSI
00103c51,MOV RSI,qword ptr [0x0010b6b8]
00103c58,MOV qword ptr [RSP + 0x20],RDX
00103c5d,MOV qword ptr [RSP + 0x18],RSI
00103c62,CMP RDX,R10
00103c65,JNC 0x00104469
00103c6b,MOV RSI,qword ptr [RSP + 0x30]
00103c70,MOV RDX,qword ptr [RSP + 0x40]
00103c75,LEA RSI,[RSI + RDX*0x1 + 0x1]
00103c7a,CMP RSI,R10
00103c7d,JC 0x00104580
00103c83,MOV RDX,qword ptr [RSP + 0x18]
00103c88,MOV RSI,R10
00103c8b,SUB RSI,RDX
00103c8e,MOV EDX,dword ptr [RCX + 0x34]
00103c91,TEST EDX,EDX
00103c93,JNZ 0x00103f06
00103c99,CMP RSI,0x1
00103c9d,JNZ 0x00103ec7
00103ca3,MOV RAX,qword ptr [RSP + 0x18]
00103ca8,MOV qword ptr [0x0010b6f8],RAX
00103caf,MOV EAX,dword ptr [0x0010b6ec]
00103cb5,LEA EDX,[RAX + -0x1]
00103cb8,MOV EAX,EDX
00103cba,SHR EAX,0x1f
00103cbd,ADD EAX,EDX
00103cbf,SAR EAX,0x1
00103cc1,ADD EAX,0x3a
00103cc4,JMP 0x00103974
00103cc9,MOVSXD RSI,dword ptr [0x0010b6d8]
00103cd0,MOV RCX,qword ptr [0x0010b6c8]
00103cd7,MOV EDX,0x1
00103cdc,MOV R15,R13
00103cdf,MOV RDI,qword ptr [0x0010b6b8]
00103ce6,CALL 0x00102330
00103ceb,LEA R11,[0x107d40]
00103cf2,LEA R9,[0x108660]
00103cf9,JMP 0x00103b07
00103cfe,MOV EAX,0x3f
00103d03,JMP 0x001039a1
00103d08,MOV RAX,qword ptr [0x0010b6b8]
00103d0f,LEA RDI,[RAX + 0x2]
00103d13,CALL 0x00105880
00103d18,MOV qword ptr [RSP + 0x8],RAX
00103d1d,FILD qword ptr [RSP + 0x8]
00103d21,TEST RAX,RAX
00103d24,JNS 0x00103996
00103d2a,FADD dword ptr [0x00106004]
00103d30,JMP 0x00103996
00103d35,MOV RDX,qword ptr [0x0010b6b8]
00103d3c,MOVZX ECX,byte ptr [RDX + 0x1]
00103d40,CMP CL,0x63
00103d43,SETZ AL
00103d46,CMP CL,0x6f
00103d49,SETZ CL
00103d4c,OR EAX,ECX
00103d4e,MOVZX EAX,AL
00103d51,LEA RDI,[RDX + RAX*0x1 + 0x1]
00103d56,CALL 0x00105960
00103d5b,MOV qword ptr [RSP + 0x8],RAX
00103d60,FILD qword ptr [RSP + 0x8]
00103d64,TEST RAX,RAX
00103d67,JNS 0x00103996
00103d6d,JMP 0x00103d2a
00103d6f,MOV RAX,qword ptr [0x0010b6b8]
00103d76,LEA RDI,[RAX + 0x2]
00103d7a,CALL 0x00105920
00103d7f,MOV qword ptr [RSP + 0x8],RAX
00103d84,FILD qword ptr [RSP + 0x8]
00103d88,TEST RAX,RAX
00103d8b,JNS 0x00103996
00103d91,JMP 0x00103d2a
00103d93,MOV RDI,qword ptr [0x0010b6b8]
00103d9a,CALL 0x001059a0
00103d9f,MOV qword ptr [RSP + 0x8],RAX
00103da4,FILD qword ptr [RSP + 0x8]
00103da8,TEST RAX,RAX
00103dab,JNS 0x00103996
00103db1,JMP 0x00103d2a
00103db6,MOV RDI,qword ptr [0x0010b6b8]
00103dbd,CALL 0x00104e60
00103dc2,TEST RAX,RAX
00103dc5,JZ 0x00103e72
00103dcb,MOV qword ptr [0x0010b6a0],RAX
00103dd2,MOVSX EAX,word ptr [RAX + 0x8]
00103dd6,JMP 0x001039a1
00103ddb,MOV RDI,qword ptr [0x0010b6b8]
00103de2,CALL 0x00104e60
00103de7,MOV qword ptr [0x0010b6a0],RAX
00103dee,TEST RAX,RAX
00103df1,JZ 0x00104174
00103df7,MOV EAX,0x10c
00103dfc,JMP 0x001039a1
00103e01,MOV EAX,0x7d
00103e06,JMP 0x001039a1
00103e0b,MOV RDI,qword ptr [0x0010b6b8]
00103e12,MOV R15,R13
00103e15,CALL 0x00104e60
00103e1a,TEST RAX,RAX
00103e1d,JZ 0x00104535
00103e23,MOV qword ptr [0x0010b6a0],RAX
00103e2a,MOVZX EAX,word ptr [RAX + 0x8]
00103e2e,CMP AX,0x104
00103e32,JZ 0x0010452b
00103e38,CMP AX,0x105
00103e3c,JZ 0x00104521
00103e42,CMP AX,0x103
00103e46,LEA R11,[0x107d40]
00103e4d,LEA R9,[0x108660]
00103e54,JNZ 0x00103b07
00103e5a,MOV EAX,0x103
00103e5f,JMP 0x001039a1
00103e68,MOV EAX,0x5e
00103e6d,JMP 0x001039a1
00103e72,MOV RBX,qword ptr [0x0010b6b8]
00103e79,MOV RDI,RBX
00103e7c,CALL 0x00102110
00103e81,MOV ESI,0x107
00103e86,MOV byte ptr [RBX + RAX*0x1 + -0x1],0x0
00103e8b,MOV RAX,qword ptr [0x0010b6b8]
00103e92,PUSH 0x0
00103e94,PUSH 0x0
00103e96,LEA RDI,[RAX + 0x1]
00103e9a,CALL 0x00104eb0
00103e9f,MOV RDX,qword ptr [RAX]
00103ea2,MOV qword ptr [0x0010b6a0],RAX
00103ea9,MOV qword ptr [RAX + 0x10],RDX
00103ead,MOV EAX,0x107
00103eb2,POP R11
00103eb4,POP RBX
00103eb5,JMP 0x001039a1
00103eba,MOV RDI,qword ptr [RSP + 0x18]
00103ebf,ADD RDI,RAX
00103ec2,MOV qword ptr [RSP + 0x20],RDI
00103ec7,MOV RAX,qword ptr [RSP + 0x20]
00103ecc,MOV qword ptr [0x0010b6f8],RAX
00103ed3,CALL 0x00103280
00103ed8,MOV RDI,qword ptr [RSP + 0x20]
00103edd,MOV R15,qword ptr [0x0010b6b8]
00103ee4,LEA R11,[0x107d40]
00103eeb,MOVSXD RDX,EAX
00103eee,LEA R9,[0x108660]
00103ef5,LEA R8,[0x1076e0]
00103efc,MOV qword ptr [RSP + 0x10],RDI
00103f01,JMP 0x00103928
00103f06,SUB ESI,0x1
00103f09,MOV dword ptr [RSP + 0x20],ESI
00103f0d,TEST ESI,ESI
00103f0f,JLE 0x0010455a
00103f15,MOV qword ptr [RSP + 0x40],RAX
00103f1a,XOR ECX,ECX
00103f1c,MOV RAX,qword ptr [RSP + 0x18]
00103f21,MOV RDX,qword ptr [RSP + 0x30]
00103f26,MOVZX EAX,byte ptr [RAX + RCX*0x1]
00103f2a,MOV byte ptr [RDX + RCX*0x1],AL
00103f2d,ADD RCX,0x1
00103f31,CMP RCX,RSI
00103f34,JNZ 0x00103f1c
00103f36,MOV RCX,qword ptr [RSP + 0x28]
00103f3b,MOV RAX,qword ptr [RSP + 0x40]
00103f40,MOV RCX,qword ptr [RCX]
00103f43,CMP dword ptr [RCX + 0x38],0x2
00103f47,JZ 0x0010442b
00103f4d,MOV EAX,dword ptr [RSP + 0x20]
00103f51,NOT EAX
00103f53,ADD EAX,dword ptr [RCX + 0x18]
00103f56,TEST EAX,EAX
00103f58,JG 0x00103ffd
00103f5e,MOV qword ptr [RSP + 0x30],R13
00103f63,MOV RDX,R10
00103f66,MOV R13,RCX
00103f69,MOV qword ptr [RSP + 0x18],R15
00103f6e,JMP 0x00103fc2
00103f70,MOV EDX,dword ptr [R13 + 0x18]
00103f74,LEA EAX,[RDX + RDX*0x1]
00103f77,TEST EDX,EDX
00103f79,JG 0x00103f86
00103f7b,LEA EAX,[RDX + 0x7]
00103f7e,CMOVNS EAX,EDX
00103f81,SAR EAX,0x3
00103f84,ADD EAX,EDX
00103f86,MOV dword ptr [R13 + 0x18],EAX
00103f8a,ADD EAX,0x2
00103f8d,MOVSXD RSI,EAX
00103f90,CALL 0x00102280
00103f95,MOV qword ptr [R13 + 0x8],RAX
00103f99,TEST RAX,RAX
00103f9c,JZ 0x00103fdc
00103f9e,MOVSXD R15,R15D
00103fa1,LEA RDX,[RAX + R15*0x1]
00103fa5,MOV RAX,qword ptr [RSP + 0x28]
00103faa,MOV qword ptr [0x0010b6f8],RDX
00103fb1,MOV R13,qword ptr [RAX]
00103fb4,MOV EAX,dword ptr [RSP + 0x20]
00103fb8,NOT EAX
00103fba,ADD EAX,dword ptr [R13 + 0x18]
00103fbe,TEST EAX,EAX
00103fc0,JG 0x00103ff0
00103fc2,MOV RDI,qword ptr [R13 + 0x8]
00103fc6,MOV ECX,dword ptr [R13 + 0x20]
00103fca,SUB RDX,RDI
00103fcd,MOV R15,RDX
00103fd0,TEST ECX,ECX
00103fd2,JNZ 0x00103f70
00103fd4,MOV qword ptr [R13 + 0x8],0x0
00103fdc,LEA RDI,[0x106a10]
00103fe3,CALL 0x001033c0
00103ff0,MOV RCX,R13
00103ff3,MOV R15,qword ptr [RSP + 0x18]
00103ff8,MOV R13,qword ptr [RSP + 0x30]
00103ffd,MOV EDX,0x2000
00104002,CMP EAX,EDX
00104004,CMOVLE EDX,EAX
00104007,MOV EAX,dword ptr [RCX + 0x24]
0010400a,MOV dword ptr [RSP + 0x30],EDX
0010400e,MOV dword ptr [RSP + 0x28],EAX
00104012,TEST EAX,EAX
00104014,JZ 0x001042fc
0010401a,MOVSXD RAX,dword ptr [RSP + 0x20]
0010401f,XOR ESI,ESI
00104021,MOV qword ptr [RSP + 0x18],R15
00104026,MOV qword ptr [RSP + 0x28],R13
0010402b,MOV R13D,ESI
0010402e,MOV qword ptr [RSP + 0x40],RAX
00104033,MOV R15,RAX
00104036,MOV RDI,qword ptr [0x0010b6d0]
0010403d,CALL 0x00102360
00104042,LEA R11,[0x107d40]
00104049,LEA R9,[0x108660]
00104050,CMP EAX,-0x1
00104053,MOV EDI,EAX
00104055,LEA R8,[0x1076e0]
0010405c,JZ 0x00104241
00104062,CMP EAX,0xa
00104065,JZ 0x00104198
0010406b,MOV RAX,qword ptr [0x0010b708]
00104072,MOV RDX,qword ptr [0x0010b718]
00104079,ADD R13D,0x1
0010407d,LEA RDX,[RAX + RDX*0x8]
00104081,MOV RAX,qword ptr [RDX]
00104084,MOV RAX,qword ptr [RAX + 0x8]
00104088,MOV byte ptr [RAX + R15*0x1],DIL
0010408c,ADD R15,0x1
00104090,CMP dword ptr [RSP + 0x30],R13D
00104095,JNZ 0x00104036
00104097,MOV RCX,qword ptr [RDX]
0010409a,MOV ESI,R13D
0010409d,MOV R13,qword ptr [RSP + 0x28]
001040a2,MOV dword ptr [RSP + 0x28],0x0
001040aa,MOV dword ptr [0x0010b700],ESI
001040b0,MOV R15,qword ptr [RSP + 0x18]
001040b5,MOV dword ptr [RCX + 0x1c],ESI
001040b8,MOV EAX,dword ptr [RSP + 0x20]
001040bc,MOV RDI,qword ptr [RCX + 0x8]
001040c0,ADD EAX,ESI
001040c2,MOV dword ptr [RSP + 0x18],EAX
001040c6,CMP EAX,dword ptr [RCX + 0x18]
001040c9,JG 0x001041e5
001040cf,MOVSXD RAX,dword ptr [RSP + 0x18]
001040d4,MOV byte ptr [RDI + RAX*0x1],0x0
001040d8,MOV RCX,qword ptr [RDX]
001040db,MOV dword ptr [0x0010b700],EAX
001040e1,MOV RCX,qword ptr [RCX + 0x8]
001040e5,MOV byte ptr [RCX + RAX*0x1 + 0x1],0x0
001040ea,MOV RDX,qword ptr [RDX]
001040ed,MOV RDI,qword ptr [RDX + 0x8]
001040f1,MOV qword ptr [RSP + 0x18],RDI
001040f6,MOV qword ptr [0x0010b6b8],RDI
001040fd,MOV EDI,dword ptr [RSP + 0x28]
00104101,CMP EDI,0x1
00104104,JZ 0x00103ca3
0010410a,CMP EDI,0x2
0010410d,JZ 0x00103eba
00104113,MOVSXD RAX,dword ptr [RSP + 0x3c]
00104118,MOV R15,qword ptr [RSP + 0x18]
0010411d,ADD R15,RAX
00104120,MOV qword ptr [0x0010b6f8],R15
00104127,CALL 0x00103280
0010412c,LEA R11,[0x107d40]
00104133,LEA R9,[0x108660]
0010413a,MOV ESI,EAX
0010413c,MOV RAX,qword ptr [0x0010b6b8]
00104143,LEA R10,[0x1082a0]
0010414a,MOV qword ptr [RSP + 0x18],RAX
0010414f,JMP 0x00103856
00104154,MOVSXD RSI,dword ptr [RCX + 0x1c]
00104158,MOV RDX,qword ptr [0x0010b6d0]
0010415f,MOV dword ptr [RCX + 0x38],0x1
00104166,MOV dword ptr [0x0010b700],ESI
0010416c,MOV qword ptr [RCX],RDX
0010416f,JMP 0x00103c39
00104174,PUSH 0x0
00104176,MOV RDI,qword ptr [0x0010b6b8]
0010417d,MOV ESI,0x10c
00104182,PUSH 0x0
00104184,CALL 0x00104eb0
00104189,POP RDI
0010418a,POP R8
0010418c,MOV qword ptr [0x0010b6a0],RAX
00104193,JMP 0x00103df7
00104198,MOV RCX,qword ptr [0x0010b718]
0010419f,MOV RDX,qword ptr [0x0010b708]
001041a6,MOVSXD RSI,R13D
001041a9,MOV RAX,qword ptr [RSP + 0x40]
001041ae,LEA EDI,[RSI + 0x1]
001041b1,MOV R13,qword ptr [RSP + 0x28]
001041b6,MOV dword ptr [RSP + 0x28],0x0
001041be,LEA RDX,[RDX + RCX*0x8]
001041c2,MOV dword ptr [0x0010b700],EDI
001041c8,MOV R15,qword ptr [RSP + 0x18]
001041cd,MOV RCX,qword ptr [RDX]
001041d0,ADD RAX,qword ptr [RCX + 0x8]
001041d4,MOV byte ptr [RAX + RSI*0x1],0xa
001041d8,MOV RCX,qword ptr [RDX]
001041db,MOV ESI,EDI
001041dd,MOV dword ptr [RCX + 0x1c],EDI
001041e0,JMP 0x001040b8
001041e5,SAR ESI,0x1
001041e7,MOV qword ptr [RSP + 0x40],RDX
001041ec,ADD EAX,ESI
001041ee,MOV qword ptr [RSP + 0x30],RCX
001041f3,MOVSXD RSI,EAX
001041f6,MOV dword ptr [RSP + 0x20],EAX
001041fa,CALL 0x00102280
001041ff,MOV RCX,qword ptr [RSP + 0x30]
00104204,MOV RDX,qword ptr [RSP + 0x40]
00104209,LEA R11,[0x107d40]
00104210,LEA R9,[0x108660]
00104217,LEA R8,[0x1076e0]
0010421e,MOV qword ptr [RCX + 0x8],RAX
00104222,MOV RCX,qword ptr [RDX]
00104225,MOV RDI,qword ptr [RCX + 0x8]
00104229,TEST RDI,RDI
0010422c,JZ 0x001043f6
00104232,MOV EAX,dword ptr [RSP + 0x20]
00104236,SUB EAX,0x2
00104239,MOV dword ptr [RCX + 0x18],EAX
0010423c,JMP 0x001040cf
00104241,MOV RDI,qword ptr [0x0010b6d0]
00104248,MOV R15,qword ptr [RSP + 0x18]
0010424d,MOV dword ptr [RSP + 0x18],R13D
00104252,MOV R13,qword ptr [RSP + 0x28]
00104257,CALL 0x001020d0
0010425c,MOV ESI,dword ptr [RSP + 0x18]
00104260,LEA R11,[0x107d40]
00104267,LEA R9,[0x108660]
0010426e,TEST EAX,EAX
00104270,MOV dword ptr [RSP + 0x28],EAX
00104274,LEA R8,[0x1076e0]
0010427b,JNZ 0x0010445d
00104281,MOV RDI,qword ptr [0x0010b718]
00104288,MOV RAX,qword ptr [0x0010b708]
0010428f,MOV dword ptr [0x0010b700],ESI
00104295,LEA RDX,[RAX + RDI*0x8]
00104299,MOV RCX,qword ptr [RDX]
0010429c,MOV dword ptr [RCX + 0x1c],ESI
0010429f,TEST ESI,ESI
001042a1,JNZ 0x001040b8
001042a7,MOV EDX,dword ptr [RSP + 0x20]
001042ab,TEST EDX,EDX
001042ad,JNZ 0x0010443c
001042b3,MOV RDI,qword ptr [0x0010b6d0]
001042ba,CALL 0x00103730
001042bf,MOV RDX,qword ptr [0x0010b718]
001042c6,MOV RAX,qword ptr [0x0010b708]
001042cd,MOV dword ptr [RSP + 0x28],0x1
001042d5,MOV ESI,dword ptr [0x0010b700]
001042db,LEA R11,[0x107d40]
001042e2,LEA R9,[0x108660]
001042e9,LEA RDX,[RAX + RDX*0x8]
001042ed,LEA R8,[0x1076e0]
001042f4,MOV RCX,qword ptr [RDX]
001042f7,JMP 0x001040b8
001042fc,MOV qword ptr [RSP + 0x48],RCX
00104301,CALL 0x00102070
00104306,MOV qword ptr [RSP + 0x18],R15
0010430b,MOV RCX,qword ptr [RSP + 0x48]
00104310,MOV RDX,RAX
00104313,MOV dword ptr [RAX],0x0
00104319,MOVSXD RAX,dword ptr [RSP + 0x30]
0010431e,MOV R15,RDX
00104321,MOV qword ptr [RSP + 0x30],RAX
00104326,MOVSXD RAX,dword ptr [RSP + 0x20]
0010432b,MOV qword ptr [RSP + 0x40],RAX
00104330,JMP 0x00104390
00104338,MOV RDI,qword ptr [0x0010b6d0]
0010433f,CALL 0x001020d0
00104344,LEA R11,[0x107d40]
0010434b,LEA R9,[0x108660]
00104352,TEST EAX,EAX
00104354,LEA R8,[0x1076e0]
0010435b,JZ 0x00104408
00104361,CMP dword ptr [R15],0x4
00104365,JNZ 0x0010445d
0010436b,MOV dword ptr [R15],0x0
00104372,MOV RDI,qword ptr [0x0010b6d0]
00104379,CALL 0x00102200
0010437e,MOV RDX,qword ptr [0x0010b718]
00104385,MOV RAX,qword ptr [0x0010b708]
0010438c,MOV RCX,qword ptr [RAX + RDX*0x8]
00104390,MOV RDI,qword ptr [RSP + 0x40]
00104395,MOV RDX,qword ptr [RSP + 0x30]
0010439a,MOV ESI,0x1
0010439f,ADD RDI,qword ptr [RCX + 0x8]
001043a3,MOV RCX,qword ptr [0x0010b6d0]
001043aa,CALL 0x001020f0
001043af,LEA R11,[0x107d40]
001043b6,LEA R9,[0x108660]
001043bd,TEST EAX,EAX
001043bf,MOV dword ptr [0x0010b700],EAX
001043c5,MOV ESI,EAX
001043c7,LEA R8,[0x1076e0]
001043ce,JZ 0x00104338
001043d4,MOV RCX,qword ptr [0x0010b718]
001043db,MOV RDX,qword ptr [0x0010b708]
001043e2,MOV R15,qword ptr [RSP + 0x18]
001043e7,LEA RDX,[RDX + RCX*0x8]
001043eb,MOV RCX,qword ptr [RDX]
001043ee,MOV dword ptr [RCX + 0x1c],EAX
001043f1,JMP 0x001040b8
001043f6,LEA RDI,[0x106a40]
001043fd,CALL 0x001033c0
00104408,MOV RDI,qword ptr [0x0010b718]
0010440f,MOV RAX,qword ptr [0x0010b708]
00104416,MOV R15,qword ptr [RSP + 0x18]
0010441b,MOV RDX,qword ptr [RAX + RDI*0x8]
0010441f,MOV dword ptr [RDX + 0x1c],0x0
00104426,JMP 0x001042a7
0010442b,MOV dword ptr [0x0010b700],0x0
00104435,MOV dword ptr [RCX + 0x1c],0x0
0010443c,LEA RDX,[RAX + RDI*0x8]
00104440,MOV dword ptr [RSP + 0x28],0x2
00104448,MOV ESI,dword ptr [0x0010b700]
0010444e,MOV RCX,qword ptr [RDX]
00104451,MOV dword ptr [RCX + 0x38],0x2
00104458,JMP 0x001040b8
0010445d,LEA RDI,[0x1060e8]
00104464,CALL 0x001033c0
00104469,MOVSXD RAX,dword ptr [RSP + 0x3c]
0010446e,MOV R15,RSI
00104471,ADD R15,RAX
00104474,MOV qword ptr [RSP + 0x10],R15
00104479,MOV qword ptr [0x0010b6f8],R15
00104480,CALL 0x00103280
00104485,LEA R9,[0x108660]
0010448c,LEA R11,[0x107d40]
00104493,MOVSXD RDX,EAX
00104496,LEA R8,[0x1076e0]
0010449d,LEA R10,[0x1082a0]
001044a4,CMP word ptr [R9 + RDX*0x2],0x0
001044aa,MOV RCX,RDX
001044ad,JZ 0x001044bc
001044af,MOV dword ptr [0x0010b6e8],EDX
001044b5,MOV qword ptr [0x0010b6e0],R15
001044bc,MOVSX EAX,word ptr [RBX + RDX*0x2]
001044c0,ADD EAX,0x1
001044c3,CDQE
001044c5,MOVSX ESI,word ptr [RBP + RAX*0x2]
001044ca,CMP ECX,ESI
001044cc,JZ 0x001044ee
001044ce,LEA RDI,[0x1082a0]
001044d5,MOVSX RCX,word ptr [RDI + RCX*0x2]
001044da,MOVSX EAX,word ptr [RBX + RCX*0x2]
001044de,ADD EAX,0x1
001044e1,CDQE
001044e3,MOVSX R15D,word ptr [RBP + RAX*0x2]
001044e9,CMP ECX,R15D
001044ec,JNZ 0x001044d5
001044ee,MOVSX ESI,word ptr [R11 + RAX*0x2]
001044f3,MOV R15,qword ptr [0x0010b6b8]
001044fa,CMP ESI,0x86
00104500,JZ 0x00103928
00104506,TEST ESI,ESI
00104508,JZ 0x00103928
0010450e,MOV qword ptr [RSP + 0x18],R15
00104513,MOV R15,qword ptr [RSP + 0x10]
00104518,ADD R15,0x1
0010451c,JMP 0x00103856
00104521,MOV EAX,0x105
00104526,JMP 0x001039a1
0010452b,MOV EAX,0x104
00104530,JMP 0x001039a1
00104535,PUSH 0x0
00104537,MOV RDI,qword ptr [0x0010b6b8]
0010453e,MOV ESI,0x103
00104543,PUSH 0x0
00104545,CALL 0x00104eb0
0010454a,POP R9
0010454c,POP R10
0010454e,MOV qword ptr [0x0010b6a0],RAX
00104555,JMP 0x00103e5a
0010455a,CMP dword ptr [RCX + 0x38],0x2
0010455e,JNZ 0x00103f4d
00104564,XOR ESI,ESI
00104566,MOV dword ptr [0x0010b700],ESI
0010456c,MOV dword ptr [RCX + 0x1c],ESI
0010456f,JMP 0x001042a7
00104574,LEA RDI,[0x106a70]
0010457b,CALL 0x001033c0
00104580,LEA RDI,[0x1069d8]
00104587,CALL 0x001033c0
0010458c,NOP dword ptr [RAX]
00104590,TEST RDI,RDI
00104593,JZ 0x00104630
00104599,PUSH RBX
0010459a,MOV RBX,RDI
0010459d,CALL 0x001033f0
001045a2,MOV RCX,qword ptr [0x0010b718]
001045a9,MOV RDX,qword ptr [0x0010b708]
001045b0,LEA RSI,[RCX*0x8]
001045b8,LEA RAX,[RDX + RSI*0x1]
001045bc,TEST RDX,RDX
001045bf,JZ 0x001045f9
001045c1,CMP qword ptr [RAX],0x0
001045c5,JZ 0x001045f9
001045c7,MOV RDI,qword ptr [0x0010b6f8]
001045ce,MOVZX R8D,byte ptr [0x0010b704]
001045d6,ADD RCX,0x1
001045da,MOV qword ptr [0x0010b718],RCX
001045e1,MOV byte ptr [RDI],R8B
001045e4,MOV RAX,qword ptr [RAX]
001045e7,MOV qword ptr [RAX + 0x10],RDI
001045eb,MOV EDI,dword ptr [0x0010b700]
001045f1,MOV dword ptr [RAX + 0x1c],EDI
001045f4,LEA RAX,[RDX + RSI*0x1 + 0x8]
001045f9,MOV qword ptr [RAX],RBX
001045fc,MOV EAX,dword ptr [RBX + 0x1c]
001045ff,MOV RDX,qword ptr [RBX]
00104602,MOV dword ptr [0x0010b700],EAX
00104608,MOV RAX,qword ptr [RBX + 0x10]
0010460c,MOV qword ptr [0x0010b6d0],RDX
00104613,POP RBX
00104614,MOV qword ptr [0x0010b6f8],RAX
0010461b,MOV qword ptr [0x0010b6b8],RAX
00104622,MOVZX EAX,byte ptr [RAX]
00104625,MOV byte ptr [0x0010b704],AL
0010462b,RET
00104630,RET
00104640,PUSH R12
00104642,PUSH RBP
00104643,MOV RBP,qword ptr [0x0010b708]
0010464a,PUSH RBX
0010464b,TEST RBP,RBP
0010464e,JZ 0x001046ba
00104650,MOV RBX,qword ptr [0x0010b718]
00104657,LEA R12,[RBP + RBX*0x8]
0010465c,MOV RDI,qword ptr [R12]
00104660,TEST RDI,RDI
00104663,JZ 0x001046ba
00104665,CALL 0x00103560
0010466a,MOV qword ptr [R12],0x0
00104672,TEST RBX,RBX
00104675,JZ 0x001046ba
00104677,SUB RBX,0x1
0010467b,MOV RAX,qword ptr [RBP + RBX*0x8]
00104680,MOV qword ptr [0x0010b718],RBX
00104687,TEST RAX,RAX
0010468a,JZ 0x001046ba
0010468c,MOV EDX,dword ptr [RAX + 0x1c]
0010468f,MOV dword ptr [0x0010b700],EDX
00104695,MOV RDX,qword ptr [RAX + 0x10]
00104699,MOV RAX,qword ptr [RAX]
0010469c,MOV qword ptr [0x0010b6b8],RDX
001046a3,MOV qword ptr [0x0010b6d0],RAX
001046aa,MOVZX EAX,byte ptr [RDX]
001046ad,MOV qword ptr [0x0010b6f8],RDX
001046b4,MOV byte ptr [0x0010b704],AL
001046ba,POP RBX
001046bb,POP RBP
001046bc,POP R12
001046be,RET
001046c0,PUSH R12
001046c2,PUSH RBP
001046c3,PUSH RBX
001046c4,CMP RSI,0x1
001046c8,JBE 0x00104740
001046ca,CMP byte ptr [RDI + RSI*0x1 + -0x2],0x0
001046cf,MOV R12,RDI
001046d2,MOV RBX,RSI
001046d5,JNZ 0x00104740
001046d7,CMP byte ptr [RDI + RSI*0x1 + -0x1],0x0
001046dc,JNZ 0x00104740
001046de,MOV EDI,0x40
001046e3,CALL 0x00102240
001046e8,MOV RBP,RAX
001046eb,TEST RAX,RAX
001046ee,JZ 0x0010474a
001046f0,SUB EBX,0x2
001046f3,MOV qword ptr [RAX + 0x8],R12
001046f7,MOV RDI,RAX
001046fa,MOV qword ptr [RAX + 0x10],R12
001046fe,MOVD XMM1,EBX
00104702,MOV qword ptr [RAX],0x0
00104709,PSHUFD XMM0,XMM1,0xe0
0010470e,MOV qword ptr [RAX + 0x20],0x0
00104716,MOV dword ptr [RAX + 0x28],0x1
0010471d,MOV qword ptr [RAX + 0x34],0x0
00104725,MOVQ qword ptr [RAX + 0x18],XMM0
0010472a,CALL 0x001034c0
0010472f,MOV RAX,RBP
00104732,POP RBX
00104733,POP RBP
00104734,POP R12
00104736,RET
00104740,XOR EBP,EBP
00104742,POP RBX
00104743,MOV RAX,RBP
00104746,POP RBP
00104747,POP R12
00104749,RET
0010474a,LEA RDI,[0x106aa8]
00104751,CALL 0x001033c0
00104756,NOP word ptr CS:[RAX + RAX*0x1]
00104760,PUSH R12
00104762,MOV R12,RDI
00104765,PUSH RBP
00104766,LEA EBP,[RSI + 0x2]
00104769,PUSH RBX
0010476a,MOVSXD RBP,EBP
0010476d,MOV EBX,ESI
0010476f,MOV RDI,RBP
00104772,CALL 0x00102240
00104777,TEST RAX,RAX
0010477a,JZ 0x001047b2
0010477c,MOV RDI,RAX
0010477f,TEST EBX,EBX
00104781,JLE 0x00104790
00104783,MOV EDX,EBX
00104785,MOV RSI,R12
00104788,CALL 0x00102210
0010478d,MOV RDI,RAX
00104790,XOR EAX,EAX
00104792,MOVSXD RBX,EBX
00104795,MOV RSI,RBP
00104798,MOV word ptr [RDI + RBX*0x1],AX
0010479c,CALL 0x001046c0
001047a1,TEST RAX,RAX
001047a4,JZ 0x001047be
001047a6,MOV dword ptr [RAX + 0x20],0x1
001047ad,POP RBX
001047ae,POP RBP
001047af,POP R12
001047b1,RET
001047b2,LEA RDI,[0x106ad8]
001047b9,CALL 0x001033c0
001047be,LEA RDI,[0x106105]
001047c5,CALL 0x001033c0
001047ca,NOP word ptr [RAX + RAX*0x1]
001047d0,PUSH RBX
001047d1,MOV RBX,RDI
001047d4,CALL 0x00102110
001047d9,MOV RDI,RBX
001047dc,POP RBX
001047dd,MOV ESI,EAX
001047df,JMP 0x00104760
001047f0,MOV EAX,dword ptr [0x0010b1d8]
001047f6,RET
00104800,MOV RAX,qword ptr [0x0010b6d0]
00104807,RET
00104810,MOV RAX,qword ptr [0x0010b6c8]
00104817,RET
00104820,MOV EAX,dword ptr [0x0010b6d8]
00104826,RET
00104830,MOV RAX,qword ptr [0x0010b6b8]
00104837,RET
00104840,MOV dword ptr [0x0010b1d8],EDI
00104846,RET
00104850,MOV qword ptr [0x0010b6d0],RDI
00104857,RET
00104860,MOV qword ptr [0x0010b6c8],RDI
00104867,RET
00104870,MOV EAX,dword ptr [0x0010b6c0]
00104876,RET
00104880,MOV dword ptr [0x0010b6c0],EDI
00104886,RET
00104890,PUSH RBP
00104891,PUSH RBX
00104892,SUB RSP,0x8
00104896,MOV RBP,qword ptr [0x0010b708]
0010489d,TEST RBP,RBP
001048a0,JNZ 0x001048b9
001048a2,JMP 0x001048cd
001048a8,CALL 0x00103560
001048ad,MOV qword ptr [RBX],0x0
001048b4,CALL 0x00104640
001048b9,MOV RAX,qword ptr [0x0010b718]
001048c0,LEA RBX,[RBP + RAX*0x8]
001048c5,MOV RDI,qword ptr [RBX]
001048c8,TEST RDI,RDI
001048cb,JNZ 0x001048a8
001048cd,MOV RDI,RBP
001048d0,CALL 0x00102030
001048d5,XOR EAX,EAX
001048d7,MOV qword ptr [0x0010b708],0x0
001048e2,MOV qword ptr [0x0010b718],0x0
001048ed,MOV qword ptr [0x0010b710],0x0
001048f8,MOV qword ptr [0x0010b6f8],0x0
00104903,MOV dword ptr [0x0010b6f0],0x0
0010490d,MOV dword ptr [0x0010b6ec],0x0
00104917,MOV qword ptr [0x0010b6d0],0x0
00104922,MOV qword ptr [0x0010b6c8],0x0
0010492d,ADD RSP,0x8
00104931,POP RBX
00104932,POP RBP
00104933,RET
00104940,JMP 0x00102240
00104950,JMP 0x00102280
00104960,JMP 0x00102030
00104970,SUB RSP,0x28
00104974,LEA RDI,[0x106123]
0010497b,FNSTCW word ptr [RSP + 0x1e]
0010497f,FLD tword ptr [RSP + 0x30]
00104983,MOVZX EAX,word ptr [RSP + 0x1e]
00104988,OR AH,0xc
0010498b,MOV word ptr [RSP + 0x1c],AX
00104990,XOR EAX,EAX
00104992,FLD ST0
00104994,FLDCW word ptr [RSP + 0x1c]
00104998,FISTP qword ptr [RSP + 0x10]
0010499c,FLDCW word ptr [RSP + 0x1e]
001049a0,MOV RSI,qword ptr [RSP + 0x10]
001049a5,FSTP tword ptr [RSP]
001049a8,CALL 0x00102130
001049ad,XOR EAX,EAX
001049af,ADD RSP,0x28
001049b3,RET
001049c0,PUSH RBX
001049c1,TEST RDI,RDI
001049c4,JZ 0x001049eb
001049c6,LEA RBX,[0x10b720]
001049cd,MOV EDX,0x7d0
001049d2,MOV RSI,RBX
001049d5,CALL 0x00105620
001049da,MOV RSI,RBX
001049dd,LEA RDI,[0x10602c]
001049e4,XOR EAX,EAX
001049e6,CALL 0x00102130
001049eb,MOV EDI,0xa
001049f0,CALL 0x00102040
001049f5,XOR EAX,EAX
001049f7,POP RBX
001049f8,RET
00104a00,TEST RDI,RDI
00104a03,JZ 0x00104a30
00104a05,PUSH RBX
00104a06,LEA RBX,[0x10b720]
00104a0d,MOV EDX,0x7d0
00104a12,MOV RSI,RBX
00104a15,CALL 0x00105620
00104a1a,MOV RSI,RBX
00104a1d,LEA RDI,[0x10602c]
00104a24,XOR EAX,EAX
00104a26,CALL 0x00102130
00104a2b,XOR EAX,EAX
00104a2d,POP RBX
00104a2e,RET
00104a30,XOR EAX,EAX
00104a32,RET
00104a40,PUSH RBP
00104a41,LEA RBP,[0x10b720]
00104a48,PUSH RBX
00104a49,MOV RBX,RDI
00104a4c,XOR EDI,EDI
00104a4e,SUB RSP,0x98
00104a55,CALL 0x00102220
00104a5a,MOV RSI,RBP
00104a5d,MOV EDX,0x7d0
00104a62,MOV RDI,RBX
00104a65,MOV qword ptr [RSP + 0x8],RAX
00104a6a,LEA RBX,[RSP + 0x10]
00104a6f,CALL 0x00105620
00104a74,LEA RDI,[RSP + 0x8]
00104a79,CALL 0x00102060
00104a7e,MOV RDX,RBP
00104a81,MOV RDI,RBX
00104a84,MOV ESI,0x80
00104a89,MOV RCX,RAX
00104a8c,CALL 0x001022b0
00104a91,MOV RSI,RBX
00104a94,LEA RDI,[0x10602c]
00104a9b,XOR EAX,EAX
00104a9d,CALL 0x00102130
00104aa2,ADD RSP,0x98
00104aa9,XOR EAX,EAX
00104aab,POP RBX
00104aac,POP RBP
00104aad,RET
00104ab0,SUB RSP,0x18
00104ab4,PUSH qword ptr [RSP + 0x28]
00104ab8,PUSH qword ptr [RSP + 0x28]
00104abc,CALL 0x00102120
00104ac1,FSTP tword ptr [RSP + 0x10]
00104ac5,CALL 0x00102070
00104aca,POP RCX
00104acb,POP RSI
00104acc,MOV EDX,dword ptr [RAX]
00104ace,CMP EDX,0x21
00104ad1,JZ 0x00104ae0
00104ad3,CMP EDX,0x22
00104ad6,JZ 0x00104b08
00104ad8,FLD tword ptr [RSP]
00104adb,ADD RSP,0x18
00104adf,RET
00104ae0,MOV dword ptr [RAX],0x0
00104ae6,LEA RSI,[0x106139]
00104aed,LEA RDI,[0x106150]
00104af4,CALL 0x001028a0
00104af9,FLD tword ptr [RSP]
00104afc,ADD RSP,0x18
00104b00,RET
00104b08,MOV dword ptr [RAX],0x0
00104b0e,LEA RSI,[0x106154]
00104b15,LEA RDI,[0x106150]
00104b1c,CALL 0x001028a0
00104b21,FLD tword ptr [RSP]
00104b24,ADD RSP,0x18
00104b28,RET
00104b30,SUB RSP,0x18
00104b34,PUSH qword ptr [RSP + 0x28]
00104b38,PUSH qword ptr [RSP + 0x28]
00104b3c,CALL 0x001022d0
00104b41,FSTP tword ptr [RSP + 0x10]
00104b45,CALL 0x00102070
00104b4a,POP RCX
00104b4b,POP RSI
00104b4c,MOV EDX,dword ptr [RAX]
00104b4e,CMP EDX,0x21
00104b51,JZ 0x00104b60
00104b53,CMP EDX,0x22
00104b56,JZ 0x00104b88
00104b58,FLD tword ptr [RSP]
00104b5b,ADD RSP,0x18
00104b5f,RET
00104b60,MOV dword ptr [RAX],0x0
00104b66,LEA RSI,[0x106139]
00104b6d,LEA RDI,[0x106168]
00104b74,CALL 0x001028a0
00104b79,FLD tword ptr [RSP]
00104b7c,ADD RSP,0x18
00104b80,RET
00104b88,MOV dword ptr [RAX],0x0
00104b8e,LEA RSI,[0x106154]
00104b95,LEA RDI,[0x106168]
00104b9c,CALL 0x001028a0
00104ba1,FLD tword ptr [RSP]
00104ba4,ADD RSP,0x18
00104ba8,RET
00104bb0,SUB RSP,0x18
00104bb4,PUSH qword ptr [RSP + 0x28]
00104bb8,PUSH qword ptr [RSP + 0x28]
00104bbc,CALL 0x00102350
00104bc1,FSTP tword ptr [RSP + 0x10]
00104bc5,CALL 0x00102070
00104bca,POP RCX
00104bcb,POP RSI
00104bcc,MOV EDX,dword ptr [RAX]
00104bce,CMP EDX,0x21
00104bd1,JZ 0x00104be0
00104bd3,CMP EDX,0x22
00104bd6,JZ 0x00104c08
00104bd8,FLD tword ptr [RSP]
00104bdb,ADD RSP,0x18
00104bdf,RET
00104be0,MOV dword ptr [RAX],0x0
00104be6,LEA RSI,[0x106139]
00104bed,LEA RDI,[0x10616e]
00104bf4,CALL 0x001028a0
00104bf9,FLD tword ptr [RSP]
00104bfc,ADD RSP,0x18
00104c00,RET
00104c08,MOV dword ptr [RAX],0x0
00104c0e,LEA RSI,[0x106154]
00104c15,LEA RDI,[0x10616e]
00104c1c,CALL 0x001028a0
00104c21,FLD tword ptr [RSP]
00104c24,ADD RSP,0x18
00104c28,RET
00104c30,SUB RSP,0x18
00104c34,PUSH qword ptr [RSP + 0x38]
00104c38,PUSH qword ptr [RSP + 0x38]
00104c3c,PUSH qword ptr [RSP + 0x38]
00104c40,PUSH qword ptr [RSP + 0x38]
00104c44,CALL 0x001022f0
00104c49,FSTP tword ptr [RSP + 0x20]
00104c4d,ADD RSP,0x20
00104c51,CALL 0x00102070
00104c56,MOV EDX,dword ptr [RAX]
00104c58,CMP EDX,0x21
00104c5b,JZ 0x00104c70
00104c5d,CMP EDX,0x22
00104c60,JZ 0x00104c98
00104c62,FLD tword ptr [RSP]
00104c65,ADD RSP,0x18
00104c69,RET
00104c70,MOV dword ptr [RAX],0x0
00104c76,LEA RSI,[0x106139]
00104c7d,LEA RDI,[0x106172]
00104c84,CALL 0x001028a0
00104c89,FLD tword ptr [RSP]
00104c8c,ADD RSP,0x18
00104c90,RET
00104c98,MOV dword ptr [RAX],0x0
00104c9e,LEA RSI,[0x106154]
00104ca5,LEA RDI,[0x106172]
00104cac,CALL 0x001028a0
00104cb1,FLD tword ptr [RSP]
00104cb4,ADD RSP,0x18
00104cb8,RET
00104cc0,FNSTCW word ptr [RSP + -0xa]
00104cc4,FLD tword ptr [RSP + 0x8]
00104cc8,MOVZX EAX,word ptr [RSP + -0xa]
00104ccd,OR AH,0xc
00104cd0,MOV word ptr [RSP + -0xc],AX
00104cd5,FLDCW word ptr [RSP + -0xc]
00104cd9,FISTP qword ptr [RSP + -0x18]
00104cdd,FLDCW word ptr [RSP + -0xa]
00104ce1,FILD qword ptr [RSP + -0x18]
00104ce5,RET
00104cf0,SUB RSP,0x18
00104cf4,FLD tword ptr [RSP + 0x20]
00104cf8,FLDZ
00104cfa,FUCOMIP ST0,ST1
00104cfc,JA 0x00104d69
00104cfe,FSQRT
00104d00,FSTP tword ptr [RSP]
00104d03,CALL 0x00102070
00104d08,MOV EDX,dword ptr [RAX]
00104d0a,CMP EDX,0x21
00104d0d,JZ 0x00104d20
00104d0f,CMP EDX,0x22
00104d12,JZ 0x00104d48
00104d14,FLD tword ptr [RSP]
00104d17,ADD RSP,0x18
00104d1b,RET
00104d20,MOV dword ptr [RAX],0x0
00104d26,LEA RSI,[0x106139]
00104d2d,LEA RDI,[0x106181]
00104d34,CALL 0x001028a0
00104d39,FLD tword ptr [RSP]
00104d3c,ADD RSP,0x18
00104d40,RET
00104d48,MOV dword ptr [RAX],0x0
00104d4e,LEA RSI,[0x106154]
00104d55,LEA RDI,[0x106181]
00104d5c,CALL 0x001028a0
00104d61,FLD tword ptr [RSP]
00104d64,ADD RSP,0x18
00104d68,RET
00104d69,PUSH RAX
00104d6a,PUSH RAX
00104d6b,FSTP tword ptr [RSP]
00104d6e,CALL 0x00102050
00104d73,FSTP tword ptr [RSP + 0x10]
00104d77,POP RDX
00104d78,POP RCX
00104d79,JMP 0x00104d03
00104d80,FLD tword ptr [RSP + 0x8]
00104d84,FSUB dword ptr [0x00106008]
00104d8a,FMUL dword ptr [0x0010600c]
00104d90,FDIV dword ptr [0x00106010]
00104d96,RET
00104da0,FLD tword ptr [RSP + 0x8]
00104da4,FMUL dword ptr [0x00106010]
00104daa,FDIV dword ptr [0x0010600c]
00104db0,FADD dword ptr [0x00106008]
00104db6,RET
00104dc0,FLD tword ptr [RSP + 0x8]
00104dc4,FMUL qword ptr [0x00108770]
00104dca,RET
00104dd0,FLD tword ptr [RSP + 0x8]
00104dd4,FDIV qword ptr [0x00108770]
00104dda,RET
00104de0,FLD tword ptr [RSP + 0x8]
00104de4,FMUL qword ptr [0x00108778]
00104dea,FDIV dword ptr [0x00106014]
00104df0,RET
00104e00,FLD tword ptr [RSP + 0x8]
00104e04,FMUL dword ptr [0x00106014]
00104e0a,FDIV qword ptr [0x00108778]
00104e10,RET
00104e20,PUSH RBP
00104e21,PUSH RBX
00104e22,SUB RSP,0x8
00104e26,MOV RBX,qword ptr [0x0010bef0]
00104e2d,TEST RBX,RBX
00104e30,JZ 0x00104e56
00104e32,LEA RBP,[0x106186]
00104e39,NOP dword ptr [RAX]
00104e40,MOV RSI,qword ptr [RBX]
00104e43,MOV RDI,RBP
00104e46,XOR EAX,EAX
00104e48,CALL 0x00102130
00104e4d,MOV RBX,qword ptr [RBX + 0x20]
00104e51,TEST RBX,RBX
00104e54,JNZ 0x00104e40
00104e56,ADD RSP,0x8
00104e5a,POP RBX
00104e5b,POP RBP
00104e5c,RET
00104e60,PUSH RBP
00104e61,PUSH RBX
00104e62,SUB RSP,0x8
00104e66,MOV RBX,qword ptr [0x0010bef0]
00104e6d,TEST RBX,RBX
00104e70,JZ 0x00104e98
00104e72,MOV RBP,RDI
00104e75,JMP 0x00104e89
00104e80,MOV RBX,qword ptr [RBX + 0x20]
00104e84,TEST RBX,RBX
00104e87,JZ 0x00104e98
00104e89,MOV RDI,qword ptr [RBX]
00104e8c,MOV RSI,RBP
00104e8f,CALL 0x001021a0
00104e94,TEST EAX,EAX
00104e96,JNZ 0x00104e80
00104e98,ADD RSP,0x8
00104e9c,MOV RAX,RBX
00104e9f,POP RBX
00104ea0,POP RBP
00104ea1,RET
00104eb0,PUSH R12
00104eb2,MOV R12,RDI
00104eb5,MOV EDI,0x30
00104eba,PUSH RBP
00104ebb,MOV EBP,ESI
00104ebd,PUSH RBX
00104ebe,CALL 0x00102240
00104ec3,MOV RBX,RAX
00104ec6,TEST RAX,RAX
00104ec9,JZ 0x00104f00
00104ecb,MOV RDI,R12
00104ece,CALL 0x00102340
00104ed3,MOV qword ptr [RBX],RAX
00104ed6,TEST RAX,RAX
00104ed9,JZ 0x00104f10
00104edb,FLD tword ptr [RSP + 0x20]
00104edf,MOV RAX,qword ptr [0x0010bef0]
00104ee6,MOV word ptr [RBX + 0x8],BP
00104eea,MOV qword ptr [0x0010bef0],RBX
00104ef1,MOV qword ptr [RBX + 0x20],RAX
00104ef5,MOV RAX,RBX
00104ef8,FSTP tword ptr [RBX + 0x10]
00104efb,POP RBX
00104efc,POP RBP
00104efd,POP R12
00104eff,RET
00104f00,XOR ESI,ESI
00104f02,LEA RDI,[0x106192]
00104f09,CALL 0x001028a0
00104f0e,JMP 0x00104ecb
00104f10,XOR ESI,ESI
00104f12,LEA RDI,[0x106192]
00104f19,CALL 0x001028a0
00104f1e,JMP 0x00104edb
00104f20,MOV RDI,qword ptr [0x0010b480]
00104f27,PUSH RBX
00104f28,TEST RDI,RDI
00104f2b,JZ 0x00104f60
00104f2d,LEA RBX,[0x10b480]
00104f34,NOP dword ptr CS:[RAX + RAX*0x1]
00104f3f,NOP
00104f40,PUSH qword ptr [RBX + 0x18]
00104f43,MOV ESI,0x103
00104f48,ADD RBX,0x20
00104f4c,PUSH qword ptr [RBX + -0x10]
00104f4f,CALL 0x00104eb0
00104f54,MOV RDI,qword ptr [RBX]
00104f57,POP R8
00104f59,POP R9
00104f5b,TEST RDI,RDI
00104f5e,JNZ 0x00104f40
00104f60,MOV RDI,qword ptr [0x0010b280]
00104f67,TEST RDI,RDI
00104f6a,JZ 0x00104fa5
00104f6c,LEA RBX,[0x10b288]
00104f73,NOP dword ptr CS:[RAX + RAX*0x1]
00104f7e,NOP
00104f80,PUSH 0x0
00104f82,MOV ESI,0x104
00104f87,ADD RBX,0x10
00104f8b,PUSH 0x0
00104f8d,CALL 0x00104eb0
00104f92,MOV RDX,qword ptr [RBX + -0x10]
00104f96,MOV qword ptr [RAX + 0x10],RDX
00104f9a,MOV RDI,qword ptr [RBX + -0x8]
00104f9e,POP RCX
00104f9f,POP RSI
00104fa0,TEST RDI,RDI
00104fa3,JNZ 0x00104f80
00104fa5,MOV RDI,qword ptr [0x0010b1e0]
00104fac,TEST RDI,RDI
00104faf,JZ 0x00104fe5
00104fb1,LEA RBX,[0x10b1e8]
00104fb8,NOP dword ptr [RAX + RAX*0x1]
00104fc0,PUSH 0x0
00104fc2,MOV ESI,0x105
00104fc7,ADD RBX,0x10
00104fcb,PUSH 0x0
00104fcd,CALL 0x00104eb0
00104fd2,MOV RDX,qword ptr [RBX + -0x10]
00104fd6,MOV qword ptr [RAX + 0x10],RDX
00104fda,MOV RDI,qword ptr [RBX + -0x8]
00104fde,POP RAX
00104fdf,POP RDX
00104fe0,TEST RDI,RDI
00104fe3,JNZ 0x00104fc0
00104fe5,POP RBX
00104fe6,RET
00104ff0,LEA RDI,[0x106b08]
00104ff7,XOR EAX,EAX
00104ff9,JMP 0x00102130
00105000,LEA RDI,[0x106c58]
00105007,JMP 0x001020c0
00105010,LEA RDI,[0x106f30]
00105017,XOR EAX,EAX
00105019,JMP 0x00102130
00105020,LEA RDI,[0x107170]
00105027,JMP 0x001020c0
00105030,LEA RDI,[0x107450]
00105037,JMP 0x001020c0
00105040,LEA RDI,[0x1075e0]
00105047,JMP 0x001020c0
00105050,PUSH R14
00105052,MOV R14,RDI
00105055,LEA RDI,[0x106248]
0010505c,PUSH R13
0010505e,PUSH R12
00105060,PUSH RBP
00105061,PUSH RBX
00105062,MOV RBX,RSI
00105065,SUB RSP,0x20
00105069,CALL 0x00104e60
0010506e,TEST RAX,RAX
00105071,JZ 0x00105170
00105077,FLDZ
00105079,FLD tword ptr [RAX + 0x10]
0010507c,MOV RBP,RAX
0010507f,FUCOMIP ST0,ST1
00105081,FSTP ST0
00105083,JP 0x00105150
00105089,JNZ 0x00105150
0010508f,MOV RSI,RBX
00105092,MOV EDX,0x10
00105097,MOV RDI,RSP
0010509a,MOV R12,RSP
0010509d,CALL 0x00102090
001050a2,MOV RDI,RSP
001050a5,MOV byte ptr [RSP + 0x10],0x0
001050aa,CALL 0x00102110
001050af,LEA RSI,[0x1060e1]
001050b6,MOV RDI,R14
001050b9,MOV R13,RAX
001050bc,CALL 0x001022e0
001050c1,MOV RBX,RAX
001050c4,TEST RAX,RAX
001050c7,JZ 0x0010520b
001050cd,MOV byte ptr [0x0010bf00],0x0
001050d4,LEA RBP,[0x10bf00]
001050db,JMP 0x00105114
001050e0,CMP byte ptr [RBP],0x0
001050e4,JZ 0x00105134
001050e6,MOV RDX,R13
001050e9,MOV RSI,R12
001050ec,MOV RDI,RBP
001050ef,CALL 0x001020a0
001050f4,TEST EAX,EAX
001050f6,JZ 0x001051d0
001050fc,MOV RDI,RBX
001050ff,CALL 0x001021e0
00105104,TEST EAX,EAX
00105106,JNZ 0x00105134
00105108,MOV RDI,RBX
0010510b,CALL 0x001020d0
00105110,TEST EAX,EAX
00105112,JNZ 0x00105134
00105114,MOV RDI,RBX
00105117,CALL 0x001021d0
0010511c,MOV RDX,RBX
0010511f,MOV ESI,0x80
00105124,MOV RDI,RBP
00105127,MOV R14,RAX
0010512a,CALL 0x00102170
0010512f,TEST RAX,RAX
00105132,JNZ 0x001050e0
00105134,MOV RDI,RBX
00105137,CALL 0x00102100
0010513c,MOV EAX,0x1
00105141,ADD RSP,0x20
00105145,POP RBX
00105146,POP RBP
00105147,POP R12
00105149,POP R13
0010514b,POP R14
0010514d,RET
00105150,MOV RSI,RBX
00105153,LEA RDI,[0x106254]
0010515a,XOR EAX,EAX
0010515c,CALL 0x00102130
00105161,JMP 0x0010508f
00105170,MOV RSI,RBX
00105173,MOV EDX,0x10
00105178,MOV RDI,RSP
0010517b,MOV R12,RSP
0010517e,CALL 0x00102090
00105183,MOV RDI,RSP
00105186,MOV byte ptr [RSP + 0x10],0x0
0010518b,CALL 0x00102110
00105190,LEA RSI,[0x1060e1]
00105197,MOV RDI,R14
0010519a,MOV R13,RAX
0010519d,CALL 0x001022e0
001051a2,MOV RBX,RAX
001051a5,TEST RAX,RAX
001051a8,JNZ 0x001050cd
001051ae,LEA RSI,[0x106261]
001051b5,MOV RDI,R14
001051b8,CALL 0x001022e0
001051bd,MOV RBX,RAX
001051c0,TEST RAX,RAX
001051c3,JNZ 0x001050cd
001051c9,XOR EAX,EAX
001051cb,JMP 0x00105141
001051d0,XOR EDX,EDX
001051d2,MOV RSI,R14
001051d5,MOV RDI,RBX
001051d8,CALL 0x00102270
001051dd,PUSH qword ptr [RSP + 0x58]
001051e1,MOV RDX,R12
001051e4,MOV RDI,RBP
001051e7,PUSH qword ptr [RSP + 0x58]
001051eb,LEA RSI,[0x10628d]
001051f2,XOR EAX,EAX
001051f4,CALL 0x00102310
001051f9,MOV RSI,RBX
001051fc,MOV RDI,RBP
001051ff,CALL 0x00102150
00105204,POP RAX
00105205,POP RDX
00105206,JMP 0x00105134
0010520b,LEA RSI,[0x106261]
00105212,MOV RDI,R14
00105215,CALL 0x001022e0
0010521a,FLDZ
0010521c,FLD tword ptr [RBP + 0x10]
0010521f,MOV RBX,RAX
00105222,FUCOMIP ST0,ST1
00105224,FSTP ST0
00105226,JP 0x0010523a
00105228,JNZ 0x0010523a
0010522a,TEST RAX,RAX
0010522d,JNZ 0x001050cd
00105233,XOR EAX,EAX
00105235,JMP 0x00105141
0010523a,LEA RDI,[0x106264]
00105241,CALL 0x001020c0
00105246,TEST RBX,RBX
00105249,JNZ 0x001050cd
0010524f,FLDZ
00105251,FLD tword ptr [RBP + 0x10]
00105254,FUCOMIP ST0,ST1
00105256,FSTP ST0
00105258,JP 0x00105260
0010525a,JZ 0x001051c9
00105260,LEA RDI,[0x106276]
00105267,CALL 0x001020c0
0010526c,XOR EAX,EAX
0010526e,JMP 0x00105141
00105280,PUSH R14
00105282,MOV R14,RDX
00105285,PUSH R13
00105287,PUSH R12
00105289,PUSH RBP
0010528a,MOV RBP,RSI
0010528d,PUSH RBX
0010528e,MOV RBX,RDI
00105291,LEA RDI,[0x106248]
00105298,SUB RSP,0x30
0010529c,CALL 0x00104e60
001052a1,TEST RAX,RAX
001052a4,JZ 0x001052bb
001052a6,FLDZ
001052a8,FLD tword ptr [RAX + 0x10]
001052ab,FUCOMIP ST0,ST1
001052ad,FSTP ST0
001052af,JP 0x00105370
001052b5,JNZ 0x00105370
001052bb,LEA R13,[RSP + 0x10]
001052c0,MOV EDX,0x10
001052c5,MOV RSI,RBP
001052c8,MOV RDI,R13
001052cb,CALL 0x00102090
001052d0,MOV RDI,R13
001052d3,MOV byte ptr [RSP + 0x20],0x0
001052d8,CALL 0x00102110
001052dd,MOV RDI,RBX
001052e0,LEA RSI,[0x1062ac]
001052e7,FLDZ
001052e9,MOV R12,RAX
001052ec,FSTP tword ptr [R14]
001052ef,CALL 0x001022e0
001052f4,MOV RBX,RAX
001052f7,TEST RAX,RAX
001052fa,JZ 0x001053ac
00105300,LEA RBP,[0x10bf00]
00105307,JMP 0x0010533a
00105310,MOV RDX,R12
00105313,MOV RSI,R13
00105316,MOV RDI,RBP
00105319,CALL 0x001020a0
0010531e,TEST EAX,EAX
00105320,JZ 0x00105390
00105322,MOV RDI,RBX
00105325,CALL 0x001021e0
0010532a,TEST EAX,EAX
0010532c,JNZ 0x0010534f
0010532e,MOV RDI,RBX
00105331,CALL 0x001020d0
00105336,TEST EAX,EAX
00105338,JNZ 0x0010534f
0010533a,MOV RDX,RBX
0010533d,MOV ESI,0x80
00105342,MOV RDI,RBP
00105345,CALL 0x00102170
0010534a,TEST RAX,RAX
0010534d,JNZ 0x00105310
0010534f,MOV RDI,RBX
00105352,CALL 0x00102100
00105357,MOV EAX,0x1
0010535c,ADD RSP,0x30
00105360,POP RBX
00105361,POP RBP
00105362,POP R12
00105364,POP R13
00105366,POP R14
00105368,RET
00105370,MOV RSI,RBP
00105373,LEA RDI,[0x10629d]
0010537a,XOR EAX,EAX
0010537c,CALL 0x00102130
00105381,JMP 0x001052bb
00105390,MOV RDX,RSP
00105393,LEA RSI,[0x1062b0]
0010539a,MOV RDI,RBP
0010539d,XOR EAX,EAX
0010539f,CALL 0x00102250
001053a4,FLD tword ptr [RSP]
001053a7,FSTP tword ptr [R14]
001053aa,JMP 0x0010534f
001053ac,XOR EAX,EAX
001053ae,JMP 0x0010535c
001053b0,PUSH RBP
001053b1,LEA RDI,[0x1062ba]
001053b8,PUSH RBX
001053b9,SUB RSP,0x28
001053bd,FLD tword ptr [RSP + 0x40]
001053c1,FSTP tword ptr [RSP]
001053c4,CALL 0x00104e60
001053c9,FLD tword ptr [RSP]
001053cc,TEST RAX,RAX
001053cf,JZ 0x00105590
001053d5,FLD1
001053d7,FLD tword ptr [RAX + 0x10]
001053da,FUCOMI ST0,ST1
001053dc,FSTP ST1
001053de,JP 0x001053e6
001053e0,JZ 0x00105530
001053e6,FLD dword ptr [0x00106018]
001053ec,FLD ST0
001053ee,FXCH ST3
001053f0,FCOMI ST0,ST3
001053f2,JNC 0x001054f8
001053f8,FSTP ST3
001053fa,FXCH
001053fc,FXCH ST2
001053fe,FNSTCW word ptr [RSP + 0x1e]
00105402,MOVZX EAX,word ptr [RSP + 0x1e]
00105407,OR AH,0xc
0010540a,MOV word ptr [RSP + 0x1c],AX
0010540f,FLD ST0
00105411,FLDCW word ptr [RSP + 0x1c]
00105415,FISTP qword ptr [RSP]
00105418,FLDCW word ptr [RSP + 0x1e]
0010541c,MOV RDI,qword ptr [RSP]
00105420,FLD dword ptr [0x0010601c]
00105426,FXCH ST3
00105428,FUCOMI ST0,ST3
0010542a,FSTP ST3
0010542c,JP 0x00105434
0010542e,JZ 0x00105550
00105434,FLD dword ptr [0x00106020]
0010543a,FXCH ST3
0010543c,FUCOMI ST0,ST3
0010543e,FSTP ST3
00105440,JP 0x00105448
00105442,JZ 0x001055d0
00105448,FLD dword ptr [0x00106024]
0010544e,FXCH ST3
00105450,FUCOMIP ST0,ST3
00105452,FSTP ST2
00105454,JP 0x00105462
00105456,MOV RSI,RDI
00105459,LEA RDI,[0x1062cf]
00105460,JZ 0x001054e0
00105462,FXCH
00105464,FCOMI ST0,ST1
00105466,JNC 0x00105570
0010546c,FSTP ST1
0010546e,FLD ST0
00105470,FLDCW word ptr [RSP + 0x1c]
00105474,FISTP qword ptr [RSP]
00105477,FLDCW word ptr [RSP + 0x1e]
0010547b,MOV RBX,qword ptr [RSP]
0010547f,LEA RBP,[0x10bf80]
00105486,MOV RDI,RBX
00105489,FSTP tword ptr [RSP]
0010548c,MOV RSI,RBP
0010548f,CALL 0x00105b80
00105494,FLD tword ptr [RSP]
00105497,MOV ESI,dword ptr [0x0010b1d4]
0010549d,XOR EAX,EAX
0010549f,SUB RSP,0x10
001054a3,LEA RDI,[0x1062d4]
001054aa,FSTP tword ptr [RSP]
001054ad,CALL 0x00102130
001054b2,CMP byte ptr [0x0010b6b4],0x0
001054b9,POP RAX
001054ba,POP RDX
001054bb,JNZ 0x00105600
001054c1,MOV RSI,RBX
001054c4,LEA RDI,[0x1062e9]
001054cb,XOR EAX,EAX
001054cd,CALL 0x00102130
001054d2,MOV RSI,RBP
001054d5,LEA RDI,[0x1062f4]
001054dc,JMP 0x001054e4
001054e0,FSTP ST0
001054e2,FSTP ST0
001054e4,ADD RSP,0x28
001054e8,XOR EAX,EAX
001054ea,POP RBX
001054eb,POP RBP
001054ec,JMP 0x00102130
001054f8,FNSTCW word ptr [RSP + 0x1e]
001054fc,FSUBR ST3,ST0
001054fe,FXCH ST3
00105500,MOVZX EAX,word ptr [RSP + 0x1e]
00105505,OR AH,0xc
00105508,MOV word ptr [RSP + 0x1c],AX
0010550d,FLDCW word ptr [RSP + 0x1c]
00105511,FISTP qword ptr [RSP]
00105514,FLDCW word ptr [RSP + 0x1e]
00105518,FXCH
0010551a,FXCH ST2
0010551c,MOV RDI,qword ptr [RSP]
00105520,BTC RDI,0x3f
00105525,JMP 0x00105420
00105530,FSTP ST0
00105532,FSTP tword ptr [RSP + 0x40]
00105536,ADD RSP,0x28
0010553a,LEA RDI,[0x1062c6]
00105541,XOR EAX,EAX
00105543,POP RBX
00105544,POP RBP
00105545,JMP 0x00102130
00105550,FSTP ST0
00105552,FSTP ST0
00105554,FSTP ST0
00105556,ADD RSP,0x28
0010555a,MOV RSI,RDI
0010555d,LEA RDI,[0x1062ca]
00105564,XOR EAX,EAX
00105566,POP RBX
00105567,POP RBP
00105568,JMP 0x00102130
00105570,FSUBR ST1,ST0
00105572,FXCH
00105574,FLDCW word ptr [RSP + 0x1c]
00105578,FISTP qword ptr [RSP]
0010557b,FLDCW word ptr [RSP + 0x1e]
0010557f,MOV RBX,qword ptr [RSP]
00105583,BTC RBX,0x3f
00105588,JMP 0x0010547f
00105590,FSTP ST0
00105592,LEA RDI,[0x1062be]
00105599,CALL 0x00104e60
0010559e,FLD tword ptr [RSP]
001055a1,TEST RAX,RAX
001055a4,JNZ 0x001053d5
001055aa,FNSTCW word ptr [RSP + 0x1e]
001055ae,FLD dword ptr [0x00106018]
001055b4,MOVZX EAX,word ptr [RSP + 0x1e]
001055b9,OR AH,0xc
001055bc,MOV word ptr [RSP + 0x1c],AX
001055c1,JMP 0x00105462
001055d0,FSTP ST0
001055d2,FSTP ST0
001055d4,FSTP ST0
001055d6,LEA RBX,[0x10bf80]
001055dd,MOV RSI,RBX
001055e0,CALL 0x00105b80
001055e5,ADD RSP,0x28
001055e9,MOV RSI,RBX
001055ec,XOR EAX,EAX
001055ee,POP RBX
001055ef,LEA RDI,[0x10602c]
001055f6,POP RBP
001055f7,JMP 0x00102130
00105600,MOV RSI,RBX
00105603,LEA RDI,[0x1062de]
0010560a,XOR EAX,EAX
0010560c,CALL 0x00102130
00105611,JMP 0x001054c1
00105620,MOV byte ptr [RSI],0x0
00105623,TEST RDI,RDI
00105626,JZ 0x00105838
0010562c,PUSH R15
0010562e,PUSH R14
00105630,PUSH R13
00105632,MOV R13,RDI
00105635,PUSH R12
00105637,PUSH RBP
00105638,PUSH RBX
00105639,SUB RSP,0x18
0010563d,MOVZX EAX,byte ptr [RDI]
00105640,TEST AL,AL
00105642,JZ 0x00105678
00105644,MOV EBP,EDX
00105646,MOV EDX,0x1
0010564b,TEST EBP,EBP
0010564d,JZ 0x0010567a
0010564f,MOV R14,RSI
00105652,MOVSXD RBX,EBP
00105655,MOV R15,RDI
00105658,CMP EBP,0x1
0010565b,JG 0x001056ba
0010565d,NOP dword ptr [RAX]
00105660,MOV RDI,qword ptr [0x0010b580]
00105667,LEA EDX,[RBP + -0x1]
0010566a,LEA RSI,[0x107670]
00105671,XOR EAX,EAX
00105673,CALL 0x001021c0
00105678,XOR EDX,EDX
0010567a,ADD RSP,0x18
0010567e,MOV EAX,EDX
00105680,POP RBX
00105681,POP RBP
00105682,POP R12
00105684,POP R13
00105686,POP R14
00105688,POP R15
0010568a,RET
00105690,MOV byte ptr [R14],AL
00105693,MOV RAX,R15
00105696,LEA R15,[RAX + 0x1]
0010569a,MOV byte ptr [R14 + 0x1],0x0
0010569f,MOVZX EAX,byte ptr [RAX + 0x1]
001056a3,ADD R14,0x1
001056a7,TEST AL,AL
001056a9,JZ 0x00105678
001056ab,MOV RDX,R15
001056ae,SUB RDX,R13
001056b1,ADD RDX,0x1
001056b5,CMP RDX,RBX
001056b8,JGE 0x00105660
001056ba,CMP AL,0x5c
001056bc,JNZ 0x00105690
001056be,CALL 0x00102380
001056c3,MOVSX RSI,byte ptr [R15 + 0x1]
001056c8,MOV RDX,RAX
001056cb,MOV RDX,qword ptr [RDX]
001056ce,MOV RAX,RSI
001056d1,TEST byte ptr [RDX + RSI*0x2 + 0x1],0x8
001056d6,JNZ 0x001056f8
001056d8,SUB EAX,0x22
001056db,CMP AL,0x56
001056dd,JA 0x00105758
001056df,LEA RCX,[0x108780]
001056e6,MOVZX EAX,AL
001056e9,MOVSXD RAX,dword ptr [RCX + RAX*0x4]
001056ed,ADD RAX,RCX
001056f0,JMP RAX
001056f8,LEA R12,[R15 + 0x1]
001056fc,MOV ESI,0x3
00105701,MOV RDI,R12
00105704,CALL 0x00105a90
00105709,CMP EAX,0xff
0010570e,JG 0x00105768
00105710,MOV dword ptr [RSP + 0x8],0x3
00105718,MOV EDX,0x3
0010571d,MOV ESI,EDX
0010571f,MOV RDI,R12
00105722,MOV dword ptr [RSP + 0xc],EDX
00105726,CALL 0x00105a90
0010572b,MOV RDI,R12
0010572e,MOV dword ptr [RSP + 0x4],EAX
00105732,CALL 0x00105b40
00105737,CMP dword ptr [RSP + 0x8],EAX
0010573b,MOV EDX,dword ptr [RSP + 0xc]
0010573f,JC 0x00105780
00105741,MOVZX EAX,byte ptr [RSP + 0x4]
00105746,MOV byte ptr [R14],AL
00105749,MOVSXD RAX,EDX
0010574c,ADD RAX,R15
0010574f,JMP 0x00105696
00105758,MOV byte ptr [R14],0x5c
0010575c,LEA RAX,[R15 + 0x1]
00105760,JMP 0x00105696
00105768,MOV dword ptr [RSP + 0x8],0x2
00105770,MOV EDX,0x2
00105775,JMP 0x0010571d
00105780,MOV RDI,R12
00105783,CALL 0x00105b40
00105788,MOV EDX,EAX
0010578a,JMP 0x00105741
0010578c,MOV byte ptr [R14],0x22
00105790,LEA RAX,[R15 + 0x1]
00105794,JMP 0x00105696
00105799,MOV byte ptr [R14],0x27
0010579d,LEA RAX,[R15 + 0x1]
001057a1,JMP 0x00105696
001057a6,LEA R12,[R15 + 0x2]
001057aa,MOV ESI,0x2
001057af,MOV RDI,R12
001057b2,CALL 0x001059f0
001057b7,MOV RDI,R12
001057ba,MOV byte ptr [R14],AL
001057bd,CALL 0x00105b00
001057c2,MOV EDX,EAX
001057c4,MOV EAX,0x3
001057c9,CMP EDX,0x2
001057cc,JA 0x0010583b
001057ce,ADD RAX,R15
001057d1,JMP 0x00105696
001057d6,MOV byte ptr [R14],0xb
001057da,LEA RAX,[R15 + 0x1]
001057de,JMP 0x00105696
001057e3,MOV byte ptr [R14],0xd
001057e7,LEA RAX,[R15 + 0x1]
001057eb,JMP 0x00105696
001057f0,MOV byte ptr [R14],0x9
001057f4,LEA RAX,[R15 + 0x1]
001057f8,JMP 0x00105696
001057fd,MOV byte ptr [R14],0x7
00105801,LEA RAX,[R15 + 0x1]
00105805,JMP 0x00105696
0010580a,MOV byte ptr [R14],0x8
0010580e,LEA RAX,[R15 + 0x1]
00105812,JMP 0x00105696
00105817,MOV byte ptr [R14],0xc
0010581b,LEA RAX,[R15 + 0x1]
0010581f,JMP 0x00105696
00105824,MOV byte ptr [R14],0xa
00105828,LEA RAX,[R15 + 0x1]
0010582c,JMP 0x00105696
00105838,XOR EAX,EAX
0010583a,RET
0010583b,MOV RDI,R12
0010583e,CALL 0x00105b00
00105843,MOV EAX,EAX
00105845,ADD RAX,0x1
00105849,JMP 0x001057ce
00105880,MOVSX EDX,byte ptr [RDI]
00105883,MOV RCX,RDI
00105886,XOR EAX,EAX
00105888,TEST DL,DL
0010588a,JZ 0x00105918
00105890,CMP DL,0x5f
00105893,JZ 0x001058ae
00105895,JG 0x001058c0
00105897,CMP DL,0x39
0010589a,JG 0x001058e0
0010589c,CMP DL,0x2f
0010589f,JLE 0x00105908
001058a1,SUB EDX,0x30
001058a4,SHL RAX,0x4
001058a8,MOVSXD RDX,EDX
001058ab,ADD RAX,RDX
001058ae,MOVSX EDX,byte ptr [RCX + 0x1]
001058b2,ADD RCX,0x1
001058b6,TEST DL,DL
001058b8,JNZ 0x00105890
001058ba,RET
001058c0,LEA ESI,[RDX + -0x61]
001058c3,CMP SIL,0x5
001058c7,JA 0x00105900
001058c9,SUB EDX,0x57
001058cc,SHL RAX,0x4
001058d0,MOVSXD RDX,EDX
001058d3,ADD RAX,RDX
001058d6,JMP 0x001058ae
001058e0,LEA ESI,[RDX + -0x41]
001058e3,CMP SIL,0x5
001058e7,JA 0x00105910
001058e9,SUB EDX,0x37
001058ec,SHL RAX,0x4
001058f0,MOVSXD RDX,EDX
001058f3,ADD RAX,RDX
001058f6,JMP 0x001058ae
00105900,RET
00105908,RET
00105910,RET
00105918,RET
00105920,MOVZX EAX,byte ptr [RDI]
00105923,XOR EDX,EDX
00105925,TEST AL,AL
00105927,JZ 0x00105944
00105929,CMP AL,0x31
0010592b,JZ 0x00105950
0010592d,CMP AL,0x5f
0010592f,JZ 0x00105938
00105931,CMP AL,0x30
00105933,JNZ 0x00105944
00105935,ADD RDX,RDX
00105938,MOVZX EAX,byte ptr [RDI + 0x1]
0010593c,ADD RDI,0x1
00105940,TEST AL,AL
00105942,JNZ 0x00105929
00105944,MOV RAX,RDX
00105947,RET
00105950,LEA RDX,[RDX + RDX*0x1 + 0x1]
00105955,JMP 0x00105938
00105960,MOVSX EAX,byte ptr [RDI]
00105963,XOR EDX,EDX
00105965,TEST AL,AL
00105967,JZ 0x00105986
00105969,CMP AL,0x37
0010596b,JG 0x00105990
0010596d,CMP AL,0x2f
0010596f,JLE 0x00105986
00105971,SUB EAX,0x30
00105974,CDQE
00105976,LEA RDX,[RAX + RDX*0x8]
0010597a,MOVSX EAX,byte ptr [RDI + 0x1]
0010597e,ADD RDI,0x1
00105982,TEST AL,AL
00105984,JNZ 0x00105969
00105986,MOV RAX,RDX
00105989,RET
00105990,CMP AL,0x5f
00105992,JZ 0x0010597a
00105994,MOV RAX,RDX
00105997,RET
001059a0,MOVSX EAX,byte ptr [RDI]
001059a3,XOR EDX,EDX
001059a5,TEST AL,AL
001059a7,JZ 0x001059b5
001059a9,CMP AL,0x39
001059ab,JG 0x001059dd
001059ad,CMP AL,0x2f
001059af,JG 0x001059c0
001059b1,CMP AL,0x2c
001059b3,JZ 0x001059cd
001059b5,MOV RAX,RDX
001059b8,RET
001059c0,SUB EAX,0x30
001059c3,LEA RDX,[RDX + RDX*0x4]
001059c7,CDQE
001059c9,LEA RDX,[RAX + RDX*0x2]
001059cd,MOVSX EAX,byte ptr [RDI + 0x1]
001059d1,ADD RDI,0x1
001059d5,TEST AL,AL
001059d7,JZ 0x001059b5
001059d9,CMP AL,0x39
001059db,JLE 0x001059ad
001059dd,CMP AL,0x5f
001059df,JZ 0x001059cd
001059e1,MOV RAX,RDX
001059e4,RET
001059f0,PUSH R15
001059f2,PUSH R14
001059f4,PUSH R13
001059f6,PUSH R12
001059f8,PUSH RBP
001059f9,MOV EBP,ESI
001059fb,PUSH RBX
001059fc,MOV RBX,RDI
001059ff,SUB RSP,0x8
00105a03,CALL 0x00102380
00105a08,MOVSX R14,byte ptr [RBX]
00105a0c,MOV R15,qword ptr [RAX]
00105a0f,MOVZX ECX,word ptr [R15 + R14*0x2]
00105a14,TEST CH,0x10
00105a17,JZ 0x00105a78
00105a19,TEST EBP,EBP
00105a1b,JZ 0x00105a78
00105a1d,MOV RDX,R14
00105a20,MOV R13,RBX
00105a23,XOR R12D,R12D
00105a26,JMP 0x00105a58
00105a30,SUB EDX,0x30
00105a33,ADD R13,0x1
00105a37,MOV ESI,EBX
00105a39,MOVSX EDX,DL
00105a3c,MOVSX R14,byte ptr [R13]
00105a41,SUB ESI,R13D
00105a44,ADD R12D,EDX
00105a47,ADD ESI,EBP
00105a49,MOVZX ECX,word ptr [R15 + R14*0x2]
00105a4e,MOV RDX,R14
00105a51,JZ 0x00105a7b
00105a53,TEST CH,0x10
00105a56,JZ 0x00105a7b
00105a58,SHL R12D,0x4
00105a5c,AND CH,0x8
00105a5f,JNZ 0x00105a30
00105a61,CALL 0x00102370
00105a66,MOV RAX,qword ptr [RAX]
00105a69,MOV EDX,dword ptr [RAX + R14*0x4]
00105a6d,SUB EDX,0x57
00105a70,JMP 0x00105a33
00105a78,XOR R12D,R12D
00105a7b,ADD RSP,0x8
00105a7f,MOV EAX,R12D
00105a82,POP RBX
00105a83,POP RBP
00105a84,POP R12
00105a86,POP R13
00105a88,POP R14
00105a8a,POP R15
00105a8c,RET
00105a90,PUSH RBP
00105a91,MOV EBP,ESI
00105a93,PUSH RBX
00105a94,MOV RBX,RDI
00105a97,SUB RSP,0x8
00105a9b,CALL 0x00102380
00105aa0,MOVSX RDX,byte ptr [RBX]
00105aa4,MOV RSI,qword ptr [RAX]
00105aa7,TEST byte ptr [RSI + RDX*0x2 + 0x1],0x8
00105aac,JZ 0x00105af0
00105aae,TEST EBP,EBP
00105ab0,JZ 0x00105af0
00105ab2,MOV RAX,RDX
00105ab5,XOR ECX,ECX
00105ab7,MOV RDX,RBX
00105aba,JMP 0x00105ac8
00105ac0,MOV EDI,EBP
00105ac2,SUB EDI,EDX
00105ac4,ADD EDI,EBX
00105ac6,JZ 0x00105ae7
00105ac8,SUB EAX,0x30
00105acb,MOVSX RDI,byte ptr [RDX + 0x1]
00105ad0,LEA ECX,[RCX + RCX*0x4]
00105ad3,ADD RDX,0x1
00105ad7,MOVSX EAX,AL
00105ada,LEA ECX,[RAX + RCX*0x2]
00105add,MOV RAX,RDI
00105ae0,TEST byte ptr [RSI + RDI*0x2 + 0x1],0x8
00105ae5,JNZ 0x00105ac0
00105ae7,ADD RSP,0x8
00105aeb,MOV EAX,ECX
00105aed,POP RBX
00105aee,POP RBP
00105aef,RET
00105af0,ADD RSP,0x8
00105af4,XOR ECX,ECX
00105af6,MOV EAX,ECX
00105af8,POP RBX
00105af9,POP RBP
00105afa,RET
00105b00,PUSH RBX
00105b01,MOV RBX,RDI
00105b04,CALL 0x00102380
00105b09,MOV RCX,qword ptr [RAX]
00105b0c,MOVSX RAX,byte ptr [RBX]
00105b10,TEST byte ptr [RCX + RAX*0x2 + 0x1],0x10
00105b15,MOV EAX,0x0
00105b1a,JZ 0x00105b33
00105b1c,NOP dword ptr [RAX]
00105b20,MOVSX RDX,byte ptr [RBX + 0x1]
00105b25,ADD RBX,0x1
00105b29,ADD EAX,0x1
00105b2c,TEST byte ptr [RCX + RDX*0x2 + 0x1],0x10
00105b31,JNZ 0x00105b20
00105b33,POP RBX
00105b34,RET
00105b40,PUSH RBX
00105b41,MOV RBX,RDI
00105b44,CALL 0x00102380
00105b49,MOV RCX,qword ptr [RAX]
00105b4c,MOVSX RAX,byte ptr [RBX]
00105b50,TEST byte ptr [RCX + RAX*0x2 + 0x1],0x8
00105b55,MOV EAX,0x0
00105b5a,JZ 0x00105b73
00105b5c,NOP dword ptr [RAX]
00105b60,MOVSX RDX,byte ptr [RBX + 0x1]
00105b65,ADD RBX,0x1
00105b69,ADD EAX,0x1
00105b6c,TEST byte ptr [RCX + RDX*0x2 + 0x1],0x8
00105b71,JNZ 0x00105b60
00105b73,POP RBX
00105b74,RET
00105b80,MOV R10,RSI
00105b83,TEST RDI,RDI
00105b86,JZ 0x00105c58
00105b8c,SUB RSP,0x98
00105b93,XOR ECX,ECX
00105b95,MOVZX R8D,byte ptr [0x0010b6b5]
00105b9d,MOV R9D,0x1
00105ba3,MOV byte ptr [RSP + 0x80],0x0
00105bab,LEA RSI,[RSP + 0x7f]
00105bb0,JMP 0x00105bcb
00105bb8,TEST CL,0x3
00105bbb,JNZ 0x00105bee
00105bbd,MOV byte ptr [RSI + -0x1],0x20
00105bc1,SUB RSI,0x2
00105bc5,CMP RCX,0x40
00105bc9,JZ 0x00105bf7
00105bcb,MOV RAX,R9
00105bce,LEA RDX,[RSI + -0x1]
00105bd2,SHL RAX,CL
00105bd5,AND RAX,RDI
00105bd8,CMP RAX,0x1
00105bdc,MOV EAX,0x30
00105be1,SBB AL,0xff
00105be3,ADD RCX,0x1
00105be7,MOV byte ptr [RSI],AL
00105be9,TEST R8B,R8B
00105bec,JNZ 0x00105bb8
00105bee,MOV RSI,RDX
00105bf1,CMP RCX,0x40
00105bf5,JNZ 0x00105bcb
00105bf7,MOV byte ptr [RSI],0x20
00105bfa,NOP word ptr [RAX + RAX*0x1]
00105c00,MOVZX EAX,byte ptr [RSI + 0x1]
00105c04,ADD RSI,0x1
00105c08,AND EAX,0xffffffef
00105c0b,CMP AL,0x20
00105c0d,JZ 0x00105c00
00105c0f,TEST R8B,R8B
00105c12,JZ 0x00105c48
00105c14,MOV EAX,0x2
00105c19,TEST byte ptr [RSI + 0x1],0xdf
00105c1d,JNZ 0x00105c61
00105c1f,MOV EDX,0x5
00105c24,LEA RCX,[RSI + RAX*0x1 + -0x5]
00105c29,SUB RDX,RAX
00105c2c,MOV EDI,EDX
00105c2e,TEST EDX,EDX
00105c30,JZ 0x00105c43
00105c32,XOR EDX,EDX
00105c34,MOV R8D,EDX
00105c37,ADD EDX,0x1
00105c3a,MOV byte ptr [RCX + R8*0x1],0x30
00105c3f,CMP EDX,EDI
00105c41,JC 0x00105c34
00105c43,LEA RSI,[RSI + RAX*0x1 + -0x5]
00105c48,MOV RDI,R10
00105c4b,CALL 0x001020b0
00105c50,ADD RSP,0x98
00105c57,RET
00105c58,MOV EAX,0x30
00105c5d,MOV word ptr [RSI],AX
00105c60,RET
00105c61,MOV EAX,0x1
00105c66,LEA RDX,[RAX + 0x1]
00105c6a,TEST byte ptr [RSI + RAX*0x1 + 0x1],0xdf
00105c6f,JNZ 0x00105c7d
00105c71,CMP RDX,0x3
00105c75,JA 0x00105c48
00105c77,ADD RAX,0x2
00105c7b,JMP 0x00105c1f
00105c7d,MOV RAX,RDX
00105c80,JMP 0x00105c66
00105c84,SUB RSP,0x8
00105c88,ADD RSP,0x8
00105c8c,RET
